feature,zafra_norm,split,category_value,rows,actual_tch_sum,pred_tch_sum,tch_sum_diff,tch_sum_pct_diff,actual_tch_mean,pred_tch_mean,tch_bias,tch_mae,tch_rmse,is_anomaly_zafra
prod_codigo_zae,2023_2024,validation,46.0,697,73923.54000000001,83216.2977759333,9292.757775933293,0.12570769440875385,106.05959827833574,119.39210584782396,13.332507569488245,18.027085480845518,22.142664711784672,True
prod_codigo_zae,2023_2024,validation,6.0,572,56872.39,60825.990559594895,3953.6005595948955,0.06951704613776379,99.42725524475524,106.3391443349561,6.911889090200873,13.940526260860405,17.223122337893603,True
prod_codigo_zae,2023_2024,validation,11.0,545,59334.15,65519.21421669019,6185.064216690189,0.10424122055663035,108.87,120.21874168200036,11.348741682000355,17.27560464873449,21.221614211217577,True
prod_codigo_zae,2023_2024,validation,27.0,372,35139.18,38672.900860568145,3533.7208605681444,0.10056355499952316,94.46016129032259,103.95941091550577,9.499249625183186,14.994282183379521,18.250561122604847,True
prod_codigo_zae,2023_2024,validation,7.0,367,36992.270000000004,40236.55326508258,3244.283265082573,0.08770165402346417,100.79637602179838,109.63638491848114,8.840008896682756,15.665401036544049,19.459271142875707,True
prod_codigo_zae,2023_2024,validation,24.0,350,34306.42,37754.27133822874,3447.851338228742,0.10050163608527915,98.01834285714285,107.86934668065355,9.85100382351069,17.4575079335687,21.126934465901734,True
prod_codigo_zae,2023_2024,validation,52.0,326,37228.84,42239.02495348382,5010.184953483826,0.13457805705157147,114.19889570552147,129.56756120700558,15.36866550148413,17.599847224827585,21.12067906247502,True
prod_codigo_zae,2023_2024,validation,12.0,324,36441.33,39206.77453111954,2765.4445311195377,0.07588758508867645,112.47324074074075,121.0085633676529,8.535322626912164,17.091094479383184,21.962012312515988,True
prod_codigo_zae,2023_2024,validation,10.0,237,25303.56,27198.11892109678,1894.5589210967773,0.07487321630224274,106.76607594936709,114.75999544766573,7.993919498298651,13.391084731706432,17.2976054997631,True
prod_codigo_zae,2023_2024,validation,48.0,236,21753.850000000002,23660.95858974671,1907.1085897467092,0.08766763537243794,92.17733050847458,100.25829910909623,8.08096860062164,13.82263524106229,17.13219749760726,True
prod_codigo_zae,2023_2024,validation,34.0,206,24615.12,26163.850673639958,1548.7306736399587,0.06291785998361815,119.49087378640776,127.00898385262116,7.518110066213371,15.301106104056501,19.50342961393707,True
prod_codigo_zae,2023_2024,validation,35.0,194,21811.159999999996,24427.41268309015,2616.252683090155,0.11995018527626021,112.42865979381442,125.91449836644408,13.485838572629667,18.124814482381474,22.427577871527316,True
prod_codigo_zae,2023_2024,validation,2.0,171,18690.129999999997,20027.32897638282,1337.1989763828242,0.0715457290229027,109.2990058479532,117.11888290282351,7.8198770548703145,15.611514918117935,20.78679444818694,True
prod_codigo_zae,2023_2024,validation,21.0,158,13233.98,15471.191758880257,2237.2117588802575,0.16905056218010436,83.75936708860759,97.91893518278644,14.159568094178848,17.511947052951086,20.288766614467434,True
prod_codigo_zae,2023_2024,validation,49.0,145,12868.869999999999,13676.671254247667,807.8012542476681,0.06277173164758586,88.7508275862069,94.32187071894943,5.5710431327425365,13.87481504453144,18.250585995921757,True
prod_codigo_zae,2023_2024,validation,20.0,133,12412.61,12433.826294837263,21.216294837262467,0.001709253318783275,93.32789473684211,93.48741575065611,0.15952101381401157,11.300851340417008,14.558424092317138,True
prod_codigo_zae,2023_2024,validation,33.0,131,13656.33,14729.48891462873,1073.1589146287297,0.07858325879857397,104.24679389312978,112.43884667655519,8.19205278342542,13.272465103544599,16.46102627196473,True
prod_codigo_zae,2023_2024,validation,3.0,90,10200.710000000001,10584.886678008204,384.17667800820345,0.03766175864309479,113.34122222222223,117.60985197786894,4.268629755646739,12.480887220294683,15.452741576558633,True
prod_codigo_zae,2023_2024,validation,44.0,85,6656.650000000001,8078.536355016852,1421.8863550168517,0.21360389310191336,78.31352941176472,95.04160417666886,16.728074764904136,16.976991724476846,19.196434637526885,True
prod_codigo_zae,2023_2024,validation,15.0,84,8671.51,9383.603521508358,712.0935215083573,0.08211874535211944,103.23226190476191,111.70956573224235,8.47730382748045,15.954281533978588,21.0217166810529,True
prod_codigo_zae,2023_2024,validation,54.0,79,6918.629999999998,7860.552479235267,941.9224792352688,0.13614291835743045,87.57759493670883,99.5006642941173,11.923069357408444,15.860584013217347,19.657128010995027,True
prod_codigo_zae,2023_2024,validation,28.0,64,6178.83,6622.545253878525,443.7152538785249,0.07181218027984665,96.54421875,103.47726959185195,6.933050841851955,15.757237385172878,18.095538977650353,True
prod_codigo_zae,2023_2024,validation,14.0,62,4930.009999999999,6172.718365389668,1242.7083653896689,0.2520701510523648,79.51629032258063,99.55997363531723,20.04368331273658,22.266347709747627,25.461214243746287,True
prod_codigo_zae,2023_2024,validation,9.0,55,4820.4800000000005,5642.275737851806,821.7957378518058,0.17048006378033012,87.64509090909091,102.58683159730558,14.941740688214647,17.923909323488385,21.615517715736114,True
prod_codigo_zae,2023_2024,validation,32.0,47,4460.610000000001,4739.023152627288,278.4131526272877,0.06241593697437966,94.90659574468086,100.8302798431338,5.923684098452956,18.394254639496545,23.28991466245439,True
prod_codigo_zae,2023_2024,validation,50.0,46,3958.4199999999996,4465.829145540116,507.40914554011624,0.12818476703839318,86.05260869565217,97.08324229435034,11.03063359869817,20.702384281497395,23.547355826235815,True
prod_codigo_zae,2023_2024,validation,40.0,44,3645.75,4323.975843471858,678.2258434718578,0.18603191208170003,82.85795454545455,98.27217826072405,15.414223715269522,19.043028690317122,21.78044430822868,True
prod_codigo_zae,2023_2024,validation,25.0,43,4459.749999999998,4965.568856168302,505.8188561683037,0.11341865713735162,103.71511627906972,115.4783454922861,11.763229213216302,14.81821904432756,18.47219907566977,True
prod_codigo_zae,2023_2024,validation,18.0,41,3981.93,4426.9694959613835,445.03949596138364,0.11176477134489649,97.12024390243901,107.97486575515569,10.854621852716685,15.476852129003818,21.213655726650746,True
prod_codigo_zae,2023_2024,validation,8.0,40,4557.469999999999,4626.448531865047,68.97853186504744,0.015135268441711619,113.93674999999999,115.66121329662617,1.7244632966261686,12.350411510024898,15.746227571690957,True
prod_codigo_zae,2023_2024,validation,45.0,37,2769.14,3864.9561185752855,1095.8161185752856,0.3957243471168975,74.84162162162161,104.45827347500772,29.616651853386077,29.697775413913952,31.87149638765711,True
prod_codigo_zae,2023_2024,validation,53.0,35,3834.5600000000004,3932.5282836927895,97.9682836927891,0.025548767966282727,109.55885714285715,112.35795096265113,2.799093819793978,15.381846033104082,18.867690090806217,True
prod_codigo_zae,2023_2024,validation,42.0,28,2041.62,2569.818373147178,528.1983731471782,0.2587153207488065,72.91499999999999,91.77922761239923,18.864227612399215,19.561311848642248,22.315395898829628,True
prod_codigo_zae,2023_2024,validation,39.0,25,2044.03,2360.6124156539645,316.5824156539645,0.15488149178532826,81.7612,94.42449662615859,12.663296626158576,17.81329603579592,21.834995980749465,True
prod_codigo_zae,2023_2024,validation,17.0,22,1931.11,2210.6597821872297,279.54978218722977,0.14476119029326645,87.77772727272726,100.48453555396499,12.706808281237716,13.412226091801609,17.24502566142414,True
prod_codigo_zae,2023_2024,validation,43.0,21,2144.1800000000003,2455.867271042723,311.68727104272284,0.14536432157874934,102.10380952380953,116.94606052584396,14.842251002034459,16.053580336648842,19.484471011782126,True
prod_codigo_zae,2023_2024,validation,1.0,19,2050.6600000000003,1984.0051272044038,-66.65487279559648,-0.032504107358409716,107.92947368421055,104.42132248444231,-3.508151199768228,17.2485398115388,23.609076114445422,True
prod_codigo_zae,2023_2024,validation,,16,1708.45,1774.572205914264,66.12220591426399,0.038703038376460525,106.778125,110.9107628696415,4.132637869641511,12.402043359319439,15.349849666142322,True
prod_codigo_zae,2023_2024,validation,30.0,15,1627.1100000000001,1616.1107563360588,-10.999243663941343,-0.006759987747565525,108.474,107.74071708907059,-0.7332829109294103,12.959833268704946,15.037478866741665,True
prod_codigo_zae,2023_2024,validation,4.0,14,1664.9799999999998,1795.9860106953056,131.0060106953058,0.07868323384983952,118.92714285714284,128.2847150496647,9.3575721925218,15.52601128100794,19.129993898769662,True
prod_codigo_zae,2023_2024,validation,5.0,7,671.4000000000001,586.9809558474481,-84.41904415255203,-0.12573584175238608,95.91428571428573,83.85442226392115,-12.059863450364558,12.059863450364558,14.171453957706776,True
prod_codigo_zae,2023_2024,validation,16.0,6,421.28,491.0797486039905,69.79974860399051,0.16568493307061932,70.21333333333332,81.84662476733175,11.633291433998416,11.633291433998416,14.30340806509223,True
prod_codigo_zae,2023_2024,validation,13.0,3,272.67,286.9339540187166,14.26395401871656,0.05231215028685429,90.89,95.64465133957219,4.754651339572192,19.65947474444151,20.664604311831162,True
prod_codigo_zae,2023_2024,validation,22.0,3,266.11,290.0494291884362,23.93942918843618,0.08996065231835022,88.70333333333333,96.68314306281206,7.979809729478736,7.979809729478736,9.407830070839754,True
prod_codigo_zae,2023_2024,validation,31.0,2,146.54,163.98143931201673,17.44143931201674,0.1190216958647246,73.27,81.99071965600837,8.72071965600836,8.72071965600836,9.902351763212607,True
prod_codigo_zae,2023_2024,validation,19.0,1,94.64,90.32307070329772,-4.316929296702284,-0.045614214884850846,94.64,90.32307070329772,-4.316929296702284,4.316929296702284,4.316929296702284,True
prod_codigo_zae,2023_2024,validation,23.0,1,76.03,84.48495184478077,8.454951844780766,0.11120546948284579,76.03,84.48495184478077,8.454951844780766,8.454951844780766,8.454951844780766,True
prod_codigo_zae,2023_2024,validation,38.0,1,131.75,97.5308876371734,-34.21911236282661,-0.25972760806699513,131.75,97.5308876371734,-34.21911236282659,34.21911236282659,34.21911236282659,True
prod_codigo_zae,2023_2024,validation,41.0,1,64.41,78.90659950522556,14.49659950522556,0.22506752841523928,64.41,78.90659950522556,14.49659950522556,14.49659950522556,14.49659950522556,True
prod_codigo_zae,2023_2024,validation,47.0,1,132.54,87.30272637268699,-45.237273627313,-0.3413103487800891,132.54,87.30272637268699,-45.237273627313,45.237273627313,45.237273627313,True
prod_familia_de_suelo,2023_2024,validation,FES,1541,157454.74,176820.46096275124,19365.72096275125,0.1229923021863378,102.17698896820247,114.74397207186972,12.566983103667255,17.14318560881515,21.03058373485929,True
prod_familia_de_suelo,2023_2024,validation,MEDIAL,856,83920.98,90684.38293503807,6763.402935038073,0.08059251613884959,98.03852803738317,105.93969969046503,7.901171653081861,14.99617487803628,18.520530131890567,True
prod_familia_de_suelo,2023_2024,validation,FRANCA GRUESA,590,61386.630000000005,66904.89934616192,5518.26934616192,0.08989366815154895,104.04513559322035,113.39813448502021,9.352998891799881,16.87548282884658,20.8376575564498,True
prod_familia_de_suelo,2023_2024,validation,FRANCA FINA/ARENOSA + ARENOSA,402,44884.28,49829.10875728523,4944.828757285228,0.1101683876244696,111.65243781094527,123.95300685891847,12.300569047973188,17.911127150005914,22.477200038037648,True
prod_familia_de_suelo,2023_2024,validation,,340,30287.77,34568.505476983184,4280.735476983184,0.1413354458576245,89.08167647058823,101.67207493230349,12.59039846171524,17.23827355583333,20.8660258127278,True
prod_familia_de_suelo,2023_2024,validation,ARCILLOSA,312,31089.25,34561.12584047756,3471.875840477558,0.11167448042257559,99.64503205128206,110.77283923229986,11.127807181017825,16.02735472825885,20.636453948166572,True
prod_familia_de_suelo,2023_2024,validation,ARENOSA,214,22223.160000000003,24979.840583291632,2756.680583291629,0.12404539153260061,103.84654205607478,116.72822702472726,12.881684968652468,16.97427111637432,21.50922935798912,True
prod_familia_de_suelo,2023_2024,validation,FRANCA FINA/ARCILLOSA + ARCILLOSA,181,16998.06,18754.35826861539,1756.2982686153882,0.10332345388917254,93.91193370165746,103.6152390531237,9.703305351466216,19.621800884738693,22.600155999011086,True
prod_familia_de_suelo,2023_2024,validation,MEDIAL/ESQUELETAL,173,16271.88,17723.320226463973,1451.4402264639739,0.08919929513147676,94.0571098265896,102.44693772522528,8.389827898635676,13.751567126483534,16.59621308762857,True
prod_familia_de_suelo,2023_2024,validation,MEDIAL/ARENOSA,169,17545.019999999997,18610.767925672473,1065.7479256724764,0.06074361418068926,103.81668639053252,110.12288713415664,6.306200743624108,14.243495195371239,18.120315174576056,True
prod_familia_de_suelo,2023_2024,validation,MEDIAL/ESQUELETAL + MEDIAL/ARENOSA,149,14645.489999999998,16688.926169534425,2043.4361695344269,0.13952665083479127,98.29187919463087,112.0062159029156,13.714336708284742,16.561088530735464,19.317886021597936,True
prod_familia_de_suelo,2023_2024,validation,FRANCA FINA + FRANCA GRUESA,146,17181.5,18365.313348573225,1183.813348573225,0.0689004655340468,117.68150684931507,125.789817455981,8.108310606665922,13.251203887053252,17.32216674882585,True
prod_familia_de_suelo,2023_2024,validation,MEDIAL/ARCILLOSA,141,13117.35,14315.140952691077,1197.790952691077,0.09131348577960313,93.03085106382979,101.52582235951118,8.49497129568139,15.264281023343736,18.217552343136006,True
prod_familia_de_suelo,2023_2024,validation,ARENOSA + FRANCA FINA/ARENOSA,104,12199.720000000001,12907.614375192126,707.8943751921252,0.058025460845996885,117.305,124.11167668453967,6.806676684539678,13.920918894680653,17.554397169641057,True
prod_familia_de_suelo,2023_2024,validation,FRANCA GRUESA + FINA/ARENOSA,102,12652.930000000002,13381.423268120598,728.4932681205955,0.057575065073512253,124.04833333333336,131.19042419726077,7.142090863927451,13.665369556952145,17.113625593454948,True
prod_familia_de_suelo,2023_2024,validation,FRANCA FINA + FRANCA FINA/ARENOSA,96,10379.51,10775.21836328641,395.70836328641053,0.03812399268235307,108.11989583333333,112.24185795090011,4.121962117566777,16.33115707209669,21.263718941684452,True
prod_familia_de_suelo,2023_2024,validation,MEDIAL/FRANCA,96,8776.75,9330.853089132517,554.1030891325172,0.06313306054433784,91.42447916666667,97.19638634513039,5.771907178463725,10.482745584193431,12.992814246663393,True
prod_familia_de_suelo,2023_2024,validation,FRANCA FINA,73,7808.64,8661.407544631278,852.7675446312778,0.10920820330189096,106.96767123287671,118.64941841960655,11.68174718672984,15.789208357392285,21.93928460889268,True
prod_familia_de_suelo,2023_2024,validation,FRANCA GRUESA + FRANCA FINA/ARENOSA,70,7981.099999999999,8291.394981939318,310.29498193931886,0.03887872372722042,114.01571428571428,118.44849974199026,4.432785456275964,13.72810220236096,17.81763380711044,True
prod_familia_de_suelo,2023_2024,validation,FRANCA GRUESA + ARENOSA,66,7976.36,8439.612212606306,463.2522126063059,0.05807814750165563,120.85393939393938,127.87291231221676,7.018972918277336,17.34010681850309,21.365044255098404,True
prod_familia_de_suelo,2023_2024,validation,MEDIAL/ESQUELETAL FRANCA,51,4517.4800000000005,4648.822904228815,131.3429042288144,0.029074374259280483,88.57803921568629,91.15339027899637,2.5753510633100953,13.440781362451572,17.801468409483608,True
prod_familia_de_suelo,2023_2024,validation,FRANCA GRUESA + FRANCA FINA,46,4083.46,4524.392555247749,440.9325552477494,0.10798013333000676,88.7708695652174,98.35635989669021,9.585490331472808,15.911303086371843,20.74397704601469,True
prod_familia_de_suelo,2023_2024,validation,FRANCA FINA/ARCILLOSA,45,3754.0299999999997,4306.078892823275,552.0488928232753,0.14705500297634153,83.42288888888888,95.69064206273944,12.267753173850553,17.884332576996886,21.150430296614,True
prod_familia_de_suelo,2023_2024,validation,FINA + FRANCA GRUESA,42,4505.870000000001,4982.431166971448,476.56116697144716,0.10576451761179241,107.28261904761906,118.62931349932019,11.346694451701163,16.370751135567254,19.125679632079112,True
prod_familia_de_suelo,2023_2024,validation,FRANCA GRUESA + MEDIAL,34,3692.3499999999995,3809.7348219446085,117.38482194460903,0.031791358334017375,108.59852941176469,112.05102417484143,3.452494763076709,11.474193919958722,13.79157684011526,True
prod_familia_de_suelo,2023_2024,validation,FRANCA FINA/ARENOSA,31,3617.419999999999,3803.569321706259,186.1493217062598,0.05145913985831334,116.69096774193545,122.69578457116964,6.004816829234169,11.384701873984692,13.779977302331016,True
prod_familia_de_suelo,2023_2024,validation,MEDIAL + MEDIAL/ESQUELETAL,29,2643.69,2792.2868522474723,148.59685224747227,0.056208122831145964,91.16172413793103,96.28575352577491,5.124029387843898,11.926395481323969,14.250926405153955,True
prod_familia_de_suelo,2023_2024,validation,MEDIAL + ARCILLOSA,24,2359.38,2504.3878390277528,145.00783902775265,0.06146014589754624,98.3075,104.34949329282303,6.041993292823025,14.92530050247808,17.700527045635933,True
prod_familia_de_suelo,2023_2024,validation,FRANCA GRUESA + FRANCA GRUESA,22,2444.9499999999994,2487.8540571972753,42.90405719727596,0.017548030510757262,111.13409090909089,113.08427532714887,1.9501844180579981,11.61783181876308,15.13488476718359,True
prod_familia_de_suelo,2023_2024,validation,FRANCA FINA + FRANCA FINA/ARCILLOSA,16,1737.7,1801.9385106804475,64.23851068044746,0.036967549450680474,108.60625,112.62115691752797,4.014906917527962,13.695629260056275,18.110247412205876,True
prod_familia_de_suelo,2023_2024,validation,MEDIAL/ESQUELETAL FRANCA + MEDIAL,11,731.1,934.8446684452482,203.74466844524818,0.27868235322835205,66.46363636363637,84.98587894956802,18.52224258593165,18.52224258593165,21.54904151630061,True
prod_familia_de_suelo,2023_2024,validation,MEDIAL/ARCILLOSA + MEDIAL,10,966.71,897.5658424693847,-69.1441575306153,-0.07152523252124764,96.671,89.75658424693847,-6.914415753061531,14.616858076694859,16.43114111374127,True
prod_familia_de_suelo,2023_2024,validation,ARENOSA + ARENOSA,7,968.7,912.1662879780164,-56.53371202198366,-0.05836039230100512,138.3857142857143,130.3094697111452,-8.076244574569099,9.795146166195005,11.336005974763879,True
prod_familia_de_suelo,2023_2024,validation,FRANCA FINA/ESQUELETAL FRANCA,7,828.41,635.1875047913808,-193.2224952086192,-0.23324500574428025,118.3442857142857,90.7410721130544,-27.603213601231317,27.603213601231317,28.2454161194415,True
prod_familia_de_suelo,2023_2024,validation,FRANCA FINA/ARCILLOSA + FRANCA FINA,5,364.5,423.2240098140049,58.72400981400489,0.16110839455145373,72.9,84.64480196280098,11.744801962800986,11.744801962800986,14.865079239043979,True
prod_familia_de_suelo,2023_2024,validation,FRANCA GRUESA + MEDIAL/FRANCA,1,120.82,117.3392272361304,-3.480772763869595,-0.028809574274702824,120.82,117.3392272361304,-3.480772763869595,3.480772763869595,3.480772763869595,True
prod_grupo_de_humedad,2023_2024,validation,2.0,1710,161830.49,178403.4674713336,16572.97747133361,0.10240948705854878,94.6377134502924,104.32951314113076,9.691799690838353,15.950624740639155,19.48492109600392,True
prod_grupo_de_humedad,2023_2024,validation,,1618,165096.84000000003,184778.69353274195,19681.853532741923,0.11921399302822465,102.03760197775033,114.20191194854262,12.164309970792285,17.096765733395433,21.045283514227656,True
prod_grupo_de_humedad,2023_2024,validation,3.0,1206,123990.35,134660.0697484105,10669.719748410484,0.08605282385613464,102.81123548922056,111.65843262720604,8.847197137985482,15.050137908558147,19.091672873770634,True
prod_grupo_de_humedad,2023_2024,validation,4.0,967,105458.73999999999,115063.25952592355,9604.519525923562,0.09107371779639661,109.05764219234746,118.9899271209137,9.932284928566238,16.16534635687765,19.993627957794164,True
prod_grupo_de_humedad,2023_2024,validation,5.0,547,61544.58,67046.28398124107,5501.703981241066,0.08939380171643166,112.5129433272395,122.57090307356685,10.057959746327352,17.30436979500337,21.901034982331623,True
prod_grupo_de_humedad,2023_2024,validation,1.0,154,14196.69,14223.724831606614,27.034831606613807,0.0019043052716241466,92.18629870129871,92.3618495558871,0.17555085458841,11.62871784604012,14.804386275533576,True
prod_grupo_de_suelo,2023_2024,validation,FES,1541,157454.74,176820.46096275124,19365.72096275125,0.1229923021863378,102.17698896820247,114.74397207186972,12.566983103667255,17.14318560881515,21.03058373485929,True
prod_grupo_de_suelo,2023_2024,validation,II/E,986,99093.53,106275.97331238996,7182.443312389965,0.07248145577607303,100.50053752535497,107.78496279147055,7.2844252661155835,14.50468428618394,18.01421357221092,True
prod_grupo_de_suelo,2023_2024,validation,III/S1 (TQ) (PR),972,106417.48,115573.96900385276,9156.489003852766,0.08604309182901876,109.48300411522634,118.90326029202959,9.420256176803262,16.321256815117696,20.493541968360407,True
prod_grupo_de_suelo,2023_2024,validation,II/S1 (PR),769,84171.79999999999,92216.17126620369,8044.3712662037,0.09557085943515169,109.45617685305591,119.91699774538841,10.460820892332505,16.302816407987873,20.6283034314077,True
prod_grupo_de_suelo,2023_2024,validation,III/S1,436,41318.009999999995,45295.44611444667,3977.4361144466748,0.09626398063330434,94.76607798165136,103.88863787717126,9.122559895519887,15.106275607495977,18.227888138841422,True
prod_grupo_de_suelo,2023_2024,validation,II/T1 S1 E (TF) (PL),394,38842.2,42804.32514624182,3962.125146241822,0.10200568315496605,98.58426395939085,108.64041915289802,10.056155193507164,17.146614587563224,20.830815599730805,True
prod_grupo_de_suelo,2023_2024,validation,I,294,32606.48,34392.20679229074,1785.7267922907376,0.054766009464705716,110.90639455782313,116.98029521187325,6.073900654050135,14.754882024415094,19.438736413340564,True
prod_grupo_de_suelo,2023_2024,validation,II/T1 S1 E,294,25912.699999999997,28195.06748290596,2282.3674829059637,0.08807910726809495,88.13843537414965,95.90159007791144,7.763154703761761,14.6048989518033,17.832625790447707,True
prod_grupo_de_suelo,2023_2024,validation,II/S1 (PL),149,13874.189999999999,15843.255840916741,1969.0658409167427,0.1419229404323238,93.11536912751677,106.33057611353517,13.215206986018405,18.655380074442142,22.96695706221302,True
prod_grupo_de_suelo,2023_2024,validation,IV/T2 (RI) (PL),135,10906.86,13183.128598711979,2276.2685987119785,0.2087006341616174,80.79155555555556,97.65280443490354,16.86124887934799,17.35098381420271,19.897665039414022,True
prod_grupo_de_suelo,2023_2024,validation,,77,7642.1,7958.232569990678,316.13256999067744,0.041367238061616234,99.24805194805195,103.35366974013867,4.1056177920867185,16.167765369476204,21.33734074445804,True
prod_grupo_de_suelo,2023_2024,validation,II/T1 E (PL),70,6428.960000000001,7219.032097455902,790.0720974559008,0.12289267586917646,91.84228571428572,103.12902996365574,11.286744249370031,14.33909413156407,19.361060904537688,True
prod_grupo_de_suelo,2023_2024,validation,IV/T2,70,5821.530000000001,6782.119146762997,960.5891467629963,0.1650063036285987,83.1647142857143,96.88741638232852,13.72270209661424,18.820639651881116,22.02699158353964,True
prod_grupo_de_suelo,2023_2024,validation,III/S4 (PR),15,1627.1100000000001,1616.1107563360588,-10.999243663941343,-0.006759987747565525,108.474,107.74071708907059,-0.7332829109294103,12.959833268704946,15.037478866741665,True
prod_ingenio,2023_2024,validation,SANTA ANA,2211,233373.25,262818.44444819423,29445.194448194234,0.1261721060498332,105.55099502487562,118.86858636281964,13.317591337944037,16.965371455610747,20.624019175481056,True
prod_ingenio,2023_2024,validation,PANTALEON,1107,113068.23000000001,120557.85136168847,7489.621361688463,0.06623983909262984,102.13932249322494,108.90501478020639,6.765692286981459,12.821482879495157,16.135697050136084,True
prod_ingenio,2023_2024,validation,TRINIDAD,1097,110502.38,124245.54990160506,13743.169901605055,0.12436989955877017,100.73143117593438,113.2593891536965,12.527957977762135,18.037649991882194,22.457416407017217,True
prod_ingenio,2023_2024,validation,MADRE TIERRA,677,70281.88,77498.58569298984,7216.705692989839,0.10268230862620406,103.81370753323486,114.47353868979297,10.65983115655813,15.172554729462858,18.967614822313898,True
prod_ingenio,2023_2024,validation,TULULA,511,49847.81,53675.291849603585,3827.4818496035878,0.07678335015326827,97.54953033268102,105.03971007750212,7.490179744821107,15.303015591405812,18.828025369261205,True
prod_ingenio,2023_2024,validation,PALO GORDO,435,37141.42,40278.13678665851,3136.716786658515,0.08445333502753839,85.38257471264367,92.5934179003644,7.21084318772072,15.494521985383125,19.41835442425438,True
prod_ingenio,2023_2024,validation,LA UNION,164,17902.72,15101.63905051746,-2801.0809494825407,-0.15646119413600507,109.1629268292683,92.08316494217964,-17.07976188708865,22.279919965597273,26.759195746774104,True
prod_no_corte,2023_2024,validation,2,1168,121586.39000000001,135623.81419691723,14037.424196917214,0.11545226564352484,104.09793664383562,116.11627927818256,12.018342634346961,17.078113303128113,20.950772013571925,True
prod_no_corte,2023_2024,validation,3,1130,118474.2,129305.0077844791,10830.807784479097,0.09141912572086663,104.84442477876107,114.42921042874256,9.58478564998151,14.653900863055705,18.311765550046463,True
prod_no_corte,2023_2024,validation,1,1077,114526.06,124593.16531601401,10067.105316014015,0.0879023107580407,106.33803156917362,115.68539026556547,9.347358696391831,16.202037892364793,20.4217924490625,True
prod_no_corte,2023_2024,validation,4,790,79697.43,88266.20305485735,8568.77305485736,0.10751630328427605,100.88282278481012,111.72937095551563,10.846548170705496,16.84382432732623,20.674421258014462,True
prod_no_corte,2023_2024,validation,5,672,65567.23999999999,71748.40807213829,6181.168072138302,0.0942722016686733,97.57029761904761,106.76846439306294,9.198166774015311,15.839941584320131,19.57352547028645,True
prod_no_corte,2023_2024,validation,6,574,57014.990000000005,61520.512726926594,4505.522726926589,0.0790234765791696,99.32925087108015,107.17859360091741,7.849342729837274,16.708305993734662,20.60759493679777,True
prod_no_corte,2023_2024,validation,7,333,32424.590000000004,35249.147163788715,2824.5571637887115,0.08711157685536536,97.37114114114115,105.8532947861523,8.482153645011161,15.647572497950653,19.79279475229904,True
prod_no_corte,2023_2024,validation,8,185,17460.300000000003,19789.680378194083,2329.3803781940805,0.1334101005248524,94.38000000000001,106.97124528753558,12.591245287535584,17.346503361071516,21.450219459658005,True
prod_no_corte,2023_2024,validation,10,139,12934.670000000002,14012.156798604468,1077.4867986044665,0.08330222561568763,93.05517985611512,100.80688344319762,7.751703587082509,13.655249326802926,17.29716369658254,True
prod_no_corte,2023_2024,validation,9,132,12216.85,13835.307092433814,1618.4570924338132,0.13247744651312024,92.55189393939395,104.81293251843798,12.261038579044039,16.07313854155368,19.52951626055383,True
prod_no_corte,2023_2024,validation,11,2,214.97,232.09650690354977,17.126506903549767,0.07966928828929509,107.485,116.04825345177488,8.563253451774886,19.97844977054983,21.736323629209174,True
prod_variedad,2023_2024,validation,CG02-163,2564,274042.31999999995,298413.36458619864,24371.044586198695,0.0889316824722499,106.88078003120123,116.3858676233224,9.505087592121157,15.735350295674614,19.723294623945968,True
prod_variedad,2023_2024,validation,CP72-2086,1012,102230.63,114808.45907396116,12577.829073961155,0.12303386053633,101.0184090909091,113.44709394660194,12.428684855692849,17.033205363886786,20.90375845963819,True
prod_variedad,2023_2024,validation,CP73-1547,506,54442.82,57099.764254248854,2656.944254248854,0.048802473021214814,107.59450592885375,112.84538390167758,5.2508779728238215,13.708949270309297,17.45956769510019,True
prod_variedad,2023_2024,validation,RB845210,441,39433.71000000001,45576.933341378695,6143.223341378689,0.1557860861019338,89.41884353741499,103.34905519587005,13.930211658455091,17.55465065411704,21.01454295611051,True
prod_variedad,2023_2024,validation,VARIAS,348,32831.189999999995,37068.24775228192,4237.057752281922,0.1290558688942412,94.34249999999999,106.51795331115494,12.175453311154929,18.167792981647814,21.927628198320026,True
prod_variedad,2023_2024,validation,CGMEX10-26315,209,20627.25,22324.05432823614,1696.8043282361396,0.0822603269091197,98.69497607655502,106.81365707290018,8.118680996345168,16.112334249784656,20.777743335770076,True
prod_variedad,2023_2024,validation,CG00-102,167,17567.379999999997,19093.439455268817,1526.0594552688199,0.08686892725430999,105.19389221556885,114.33197278604082,9.138080570471958,14.71412808721474,17.444171287198817,True
prod_variedad,2023_2024,validation,CG98-78,155,13598.44,15518.43114192212,1919.991141922119,0.1411920148136197,87.73187096774194,100.11891059304592,12.387039625303984,16.585906159656965,20.50465438124499,True
prod_variedad,2023_2024,validation,CG04-10295,145,15966.369999999999,17130.2608088275,1163.890808827502,0.07289639466124749,110.11289655172413,118.13972971605173,8.026833164327574,15.822814339411915,19.5828797608085,True
prod_variedad,2023_2024,validation,CG03-025,119,10142.11,11129.49685651171,987.38685651171,0.09735517131166098,85.22781512605043,93.52518366816564,8.29736854211525,12.658155963800468,15.910006569996598,True
prod_variedad,2023_2024,validation,CG98-46,94,9508.640000000001,10019.23306973897,510.59306973896855,0.053697802181907034,101.15574468085107,106.5875858482869,5.431841167435847,12.489510103676679,15.902711594246467,True
prod_variedad,2023_2024,validation,CG04-0587,74,7856.700000000001,8555.216675360638,698.5166753606372,0.08890713344796634,106.17162162162163,115.61103615352214,9.439414531900512,17.319302255966303,21.739794807103735,True
prod_variedad,2023_2024,validation,SP80-1842,55,5677.000000000001,5600.779976638019,-76.22002336198148,-0.013426109452524478,103.21818181818183,101.83236321160035,-1.3858186065814906,17.46368034878801,21.12118621625859,True
prod_variedad,2023_2024,validation,CG04-10267,51,4505.91,5069.909958737942,563.9999587379425,0.12516893562852843,88.35117647058823,99.40999919094004,11.058822720351793,13.786847137207161,16.286508578542932,True
prod_variedad,2023_2024,validation,CG10-044124,51,5286.580000000001,6107.710338149037,821.1303381490361,0.15532354341540958,103.65843137254903,119.7590262382164,16.100594865667397,19.25344090532621,22.61871432617218,True
prod_variedad,2023_2024,validation,CP88-1165,46,3656.46,4238.58960922142,582.1296092214197,0.15920579172790617,79.48826086956522,92.14325237437869,12.65499150481348,17.315815837216643,21.158756339463793,True
prod_variedad,2023_2024,validation,MEX79-431,30,2686.4500000000003,2611.313712268027,-75.13628773197343,-0.02796861573153173,89.54833333333335,87.04379040893423,-2.504542924399102,20.48133390424361,26.192808664592093,True
prod_variedad,2023_2024,validation,CG12-116,29,2814.59,3239.9171218400525,425.3271218400523,0.15111512576966887,97.0548275862069,111.72128006345008,14.666452477243194,22.305325166139166,27.10895658042366,True
prod_variedad,2023_2024,validation,SP71-6161,16,1238.6,1582.56953350934,343.9695335093402,0.27770832674740853,77.4125,98.91059584433376,21.498095844333758,24.384962393743404,28.921561352389833,True
prod_variedad,2023_2024,validation,CG03-138,13,1114.4399999999998,1370.4061435324636,255.96614353246378,0.22968140369375095,85.72615384615384,105.41585719480489,19.689703348651033,19.861215427233297,24.495986191586027,True
prod_variedad,2023_2024,validation,CG09-133119,11,1097.52,1251.4824686952552,153.9624686952552,0.14028215312272688,99.77454545454545,113.77113351775047,13.996588063205008,20.70717304021143,22.780926202527418,True
prod_variedad,2023_2024,validation,CG05-077440,9,856.5,993.3898360703357,136.88983607033572,0.15982467725666752,95.16666666666667,110.37664845225953,15.209981785592852,17.08278578525914,19.17962084351368,True
prod_variedad,2023_2024,validation,SP83-2847,9,632.09,705.6643797451669,73.57437974516688,0.11639858207718343,70.23222222222222,78.40715330501854,8.174931082796313,22.25429689452408,23.855867729491138,True
prod_variedad,2023_2024,validation,CG01-19,6,504.55000000000007,608.8004537281721,104.25045372817203,0.2066206594553008,84.09166666666668,101.46674228802868,17.37507562136201,17.37507562136201,19.167063019627808,True
prod_variedad,2023_2024,validation,CPCL00-6131,6,592.78,665.8144594835611,73.03445948356114,0.12320668626397845,98.79666666666667,110.96907658059352,12.172409913926856,22.712024292402187,26.949304208530975,True
prod_variedad,2023_2024,validation,CR87-339,6,617.03,463.404879333104,-153.62512066689595,-0.24897512384632184,102.83833333333332,77.23414655551734,-25.604186777815993,25.604186777815993,28.065391915024215,True
prod_variedad,2023_2024,validation,MEZ.VARCOM,5,478.94000000000005,510.86777292325104,31.927772923250984,0.06666340861746979,95.78800000000001,102.1735545846502,6.385554584650199,7.60953464422731,10.847272515039567,True
prod_variedad,2023_2024,validation,SP79-2233,4,254.54000000000002,311.34847762202406,56.80847762202404,0.2231809445353345,63.635000000000005,77.83711940550602,14.202119405506018,14.202119405506018,14.947536613508026,True
prod_variedad,2023_2024,validation,CG00-033,2,191.75,212.9275726016192,21.177572601619204,0.11044366415446781,95.875,106.4637863008096,10.588786300809588,10.588786300809588,12.056104949234486,True
prod_variedad,2023_2024,validation,CG01-52,2,105.5,143.57964818012692,38.079648180126924,0.3609445325130514,52.75,71.78982409006346,19.039824090063455,19.039824090063455,19.086087042625195,True
prod_variedad,2023_2024,validation,CG03-104,2,172.36,177.40390274663332,5.043902746633307,0.02926376622553555,86.18,88.70195137331666,2.5219513733166465,9.2264927710415,9.564957270341294,True
prod_variedad,2023_2024,validation,CG03-256,2,214.59,234.67905596244685,20.08905596244685,0.09361599311452933,107.295,117.33952798122343,10.044527981223432,10.044527981223432,10.860807992944897,True
prod_variedad,2023_2024,validation,CG09-22213,2,194.94,238.87661877892833,43.936618778928334,0.22538534307442462,97.47,119.43830938946417,21.96830938946416,21.96830938946416,22.439866689799782,True
prod_variedad,2023_2024,validation,CP72-1312,2,164.82,154.66583637284228,-10.154163627157715,-0.061607593903395916,82.41,77.33291818642114,-5.0770818135788645,6.714254185868732,8.417717565601084,True
prod_variedad,2023_2024,validation,ECU-01,2,154.41,200.6118939049249,46.2018939049249,0.29921568489686484,77.205,100.30594695246245,23.10094695246245,23.10094695246245,31.41398108112241,True
prod_variedad,2023_2024,validation,CG09-1164,1,140.65,125.0518605299521,-15.598139470047911,-0.11090038727371426,140.65,125.0518605299521,-15.598139470047911,15.598139470047911,15.598139470047911,True
prod_variedad,2023_2024,validation,CG10-0974,1,90.81,98.75377162526384,7.943771625263835,0.08747683763091989,90.81,98.75377162526384,7.943771625263835,7.943771625263835,7.943771625263835,True
prod_variedad,2023_2024,validation,CG96-135,1,82.59,99.38954064780552,16.799540647805514,0.2034088951181198,82.59,99.38954064780552,16.79954064780553,16.79954064780553,16.79954064780553,True
prod_variedad,2023_2024,validation,CP00-1101,1,112.98,124.84523298277088,11.865232982770877,0.10502064952001129,112.98,124.84523298277088,11.865232982770875,11.865232982770875,11.865232982770875,True
prod_variedad,2023_2024,validation,CP07-2262,1,95.8,114.65133067060584,18.851330670605847,0.19677798194786897,95.8,114.65133067060584,18.851330670605837,18.851330670605837,18.851330670605837,True
prod_variedad,2023_2024,validation,CP88-1508,1,62.4,84.51556298590542,22.11556298590542,0.35441607349207405,62.4,84.51556298590542,22.11556298590542,22.11556298590542,22.11556298590542,True
prod_variedad,2023_2024,validation,MEX68-P23,1,72.55,96.67679783505535,24.126797835055356,0.3325540707795363,72.55,96.67679783505535,24.12679783505536,24.12679783505536,24.12679783505536,True
prod_codigo_zae,2024_2025,test,46.0,693,72254.34,72517.05763475952,262.7176347595232,0.0036360118265494254,104.26311688311688,104.6422188091768,0.37910192605990556,13.048766773422779,16.754365621274793,False
prod_codigo_zae,2020_2021,train,46.0,669,62722.75,62838.05946285669,115.30946285669052,0.0018383993504221437,93.75597907324365,93.9283400042701,0.17236093102644567,8.761357461484266,11.422433483592085,False
prod_codigo_zae,2021_2022,train,46.0,655,66492.9,66384.18089674585,-108.71910325414501,-0.0016350483022118906,101.51587786259542,101.34989449884863,-0.16598336374679964,8.692603393954991,11.227849819969128,False
prod_codigo_zae,2022_2023,train,46.0,654,63993.95999999999,63583.470243981974,-410.48975601801794,-0.006414507806955813,97.85009174311925,97.22243156572168,-0.6276601773975975,8.197693971121973,10.341123788126206,False
prod_codigo_zae,2025_2026,external,46.0,636,70958.75,70464.95783074149,-493.7921692585078,-0.006958862286307295,111.57036163522012,110.79395885336713,-0.7764027818530057,12.79818659286505,16.595887068445972,False
prod_codigo_zae,2024_2025,test,6.0,571,55722.53,57641.74343778049,1919.2134377804905,0.034442324097281485,97.58761821366025,100.9487625880569,3.3611443743966616,12.554004640364475,15.82291285497663,False
prod_codigo_zae,2025_2026,external,6.0,561,58821.07000000001,55800.86574378429,-3020.204256215715,-0.05134561911600238,104.85039215686275,99.466783857013,-5.3836082998497545,12.137851253801006,16.11944686726954,False
prod_codigo_zae,2022_2023,train,6.0,549,51451.95,51287.52992542993,-164.42007457006548,-0.0031956043370574973,93.71939890710382,93.41990878948985,-0.29949011761396793,6.842114604186827,8.976069687010765,False
prod_codigo_zae,2022_2023,train,11.0,549,56677.520000000004,56611.22870188301,-66.29129811699386,-0.001169622420264575,103.23774134790528,103.11699217100731,-0.1207491768979716,8.595931114594935,11.2918168277519,False
prod_codigo_zae,2021_2022,train,6.0,545,52001.94,51776.310311929556,-225.62968807044672,-0.004338870589644285,95.41640366972477,95.00240424207257,-0.41399942765219083,7.839600426910659,9.929806036360718,False
prod_codigo_zae,2021_2022,train,11.0,527,58798.06999999999,58469.351564853445,-328.71843514654756,-0.005590633079394402,111.57129032258064,110.9475361761925,-0.6237541463881542,8.884153172287942,11.350499550677597,False
prod_codigo_zae,2020_2021,train,6.0,517,48462.54,48731.27048767122,268.73048767122236,0.005545117686180344,93.73798839458414,94.25777657189792,0.5197881773137679,8.324337542002214,10.730813094863954,False
prod_codigo_zae,2020_2021,train,11.0,510,54702.16,54851.74665952822,149.5866595282132,0.002734565865922172,107.25913725490197,107.55244443044748,0.2933071755455369,8.472423025207743,11.343884448873467,False
prod_codigo_zae,2024_2025,test,11.0,483,50659.53999999999,53048.21054840156,2388.6705484015692,0.047151445678377056,104.88517598343684,109.83066366128688,4.945487677850027,13.223345476801427,16.773483724558666,False
prod_codigo_zae,2022_2023,train,52.0,458,51166.170000000006,51503.31793664886,337.14793664885656,0.006589274449286638,111.71652838427948,112.45265925032503,0.7361308660455408,7.182342996897488,9.2767552920765,False
prod_codigo_zae,2020_2021,train,52.0,456,49960.340000000004,49710.744183914845,-249.59581608515873,-0.0049958790529679884,109.56214912280703,109.01478987700624,-0.5473592458007874,8.004461076719485,10.252827695457722,False
prod_codigo_zae,2025_2026,external,11.0,445,46472.59,48579.70012147913,2107.1101214791342,0.04534092292852915,104.43278651685392,109.16786544152613,4.735078924672203,14.38370923397306,18.39677147716393,False
prod_codigo_zae,2021_2022,train,52.0,420,49062.72,49261.113200561245,198.39320056124416,0.004043664936661566,116.816,117.28836476324106,0.47236476324105553,8.291870627326855,10.843192776166143,False
prod_codigo_zae,2022_2023,train,27.0,386,34757.17,34541.8036887651,-215.36631123489497,-0.006196313199115318,90.04448186528496,89.4865380537956,-0.5579438114893713,6.957859729103561,9.099438787121118,False
prod_codigo_zae,2020_2021,train,12.0,377,42427.200000000004,42239.96441354444,-187.23558645556477,-0.004413102595871628,112.53899204244033,112.04234592452106,-0.4966461179192678,8.706335020721836,10.727004437761485,False
prod_codigo_zae,2024_2025,test,24.0,367,37104.33,37353.03663974458,248.70663974458148,0.0067029007057823565,101.10171662125342,101.77939138894982,0.6776747676964028,11.647839791335265,14.945824998832952,False
prod_codigo_zae,2024_2025,test,7.0,365,38239.65,37461.357724511356,-778.2922754886458,-0.020353017757449292,104.76616438356164,102.63385677948317,-2.132307604078467,13.504515201129836,16.888791707457923,False
prod_codigo_zae,2024_2025,test,52.0,365,38236.240000000005,43269.27632809714,5033.036328097136,0.1316300014880421,104.75682191780824,118.5459625427319,13.789140624923682,16.953155369508963,20.650708053940754,False
prod_codigo_zae,2020_2021,train,24.0,362,35195.81,35163.98363966089,-31.82636033910967,-0.0009042656026131995,97.22599447513811,97.13807635265438,-0.08791812248373485,7.520094093246171,9.714127986000516,False
prod_codigo_zae,2022_2023,train,24.0,351,32136.27,32307.64457692719,171.37457692718817,0.005332746361889173,91.5563247863248,92.04457144423701,0.4882466579122097,7.163826414660223,9.50003372031989,False
prod_codigo_zae,2021_2022,train,24.0,348,31351.549999999996,31486.874041634503,135.324041634507,0.004316342944272517,90.09066091954021,90.47952310814512,0.38886218860488897,7.608657292594854,9.812385705202628,False
prod_codigo_zae,2021_2022,train,27.0,348,31648.140000000003,31901.384640399672,253.24464039966915,0.008001880691872227,90.94293103448277,91.67064551838986,0.7277144839071003,7.724375828418566,10.147207714201159,False
prod_codigo_zae,2020_2021,train,27.0,347,32966.81,32852.47548572277,-114.33451427723048,-0.0034681703894683925,95.00521613832852,94.67572186087253,-0.32949427745601334,6.663258296094236,8.597187297181197,False
prod_codigo_zae,2021_2022,train,7.0,347,34199.56,33894.16766704219,-305.39233295781014,-0.008929715264108958,98.55780979827088,97.67771661971813,-0.8800931785527693,8.268840093274202,10.771910542255952,False
prod_codigo_zae,2022_2023,train,7.0,347,33379.86,33220.44337083361,-159.41662916639325,-0.004775832767614761,96.19556195965419,95.73614804274814,-0.4594139169060254,8.276622620731109,11.018797347505215,False
prod_codigo_zae,2021_2022,train,12.0,342,39341.74,39332.29601752522,-9.443982474775112,-0.00024004994376901256,115.03432748538012,115.00671350153574,-0.027613983844364816,8.120303104740437,10.602791222033924,False
prod_codigo_zae,2025_2026,external,52.0,340,39070.06,41945.17381258854,2875.113812588541,0.07358867154513049,114.91194117647058,123.36815827231923,8.456217095848647,13.130302299393792,17.214247510738154,False
prod_codigo_zae,2024_2025,test,27.0,337,32266.040000000005,33464.776208613664,1198.73620861366,0.03715163709626777,95.74492581602375,99.30200655374975,3.557080737726023,11.034406753392627,13.858065936065481,False
prod_codigo_zae,2020_2021,train,7.0,335,31219.800000000003,31534.20901384142,314.4090138414176,0.010070820884227881,93.1934328358209,94.13196720549678,0.9385343696758823,7.3825825420314715,9.558814364392566,False
prod_codigo_zae,2025_2026,external,24.0,324,33092.880000000005,32870.558641022726,-222.32135897727858,-0.006718102473319896,102.13851851851854,101.45234148463804,-0.6861770338804722,10.669761042929395,13.918578868134126,False
prod_codigo_zae,2025_2026,external,7.0,301,33215.22,31063.973896549793,-2151.2461034502085,-0.0647668780592213,110.34956810631229,103.20257108488303,-7.146997021429261,14.992688988087618,19.005923331179105,False
prod_codigo_zae,2025_2026,external,27.0,298,31181.08,29054.559181037203,-2126.5208189627992,-0.06819907517516388,104.63449664429531,97.49852074173558,-7.135975902559719,11.79353948539979,15.307964337300003,False
prod_codigo_zae,2022_2023,train,12.0,294,32401.01,32577.66531211223,176.6553121122306,0.005452154488771511,110.20751700680272,110.80838541534771,0.6008684085449945,8.027968324876653,10.881590039928895,False
prod_codigo_zae,2024_2025,test,12.0,291,32702.79,32785.95812421749,83.1681242174891,0.0025431507286530933,112.38072164948454,112.66652276363399,0.2858011141494474,13.670503043127578,17.351414932476015,False
prod_codigo_zae,2025_2026,external,12.0,277,32941.97,32337.74499816294,-604.2250018370614,-0.018342102850468913,118.92407942238268,116.74276172622,-2.1813176961626746,12.605174665483172,15.760697053378186,False
prod_codigo_zae,2021_2022,train,10.0,263,27644.420000000002,27712.037313577162,67.61731357716053,0.0024459660784042683,105.11186311787073,105.36896316949492,0.25710005162418,8.142629531027186,10.348553510665306,False
prod_codigo_zae,2022_2023,train,10.0,250,25628.96,25813.680325368503,184.72032536850384,0.00720748424315711,102.51584,103.254721301474,0.7388813014740074,9.249105648726756,11.510233343517069,False
prod_codigo_zae,2020_2021,train,10.0,246,26616.11,26675.354494422812,59.24449442281184,0.002225888547305066,108.19556910569106,108.43640038383258,0.24083127814149727,8.440473830375595,10.804899674392964,False
prod_codigo_zae,2024_2025,test,10.0,240,26279.69,26216.617027211552,-63.07297278844635,-0.002400065327576024,109.49870833333333,109.23590428004813,-0.2628040532851969,12.953862037670763,16.543955448824704,False
prod_codigo_zae,2025_2026,external,10.0,239,27841.14,26057.251493115204,-1783.8885068847958,-0.06407383127575939,116.49012552301255,109.02615687495901,-7.4639686480535214,14.375637563110594,18.39628781934628,False
prod_codigo_zae,2020_2021,train,48.0,232,20254.58,20397.90996650544,143.32996650543646,0.00707642254272547,87.30422413793104,87.92202571769586,0.6178015797648219,7.632375086891882,9.86096084167252,False
prod_codigo_zae,2021_2022,train,48.0,219,18576.93,18577.110056172838,0.1800561728377943,9.692461178342939e-06,84.82616438356165,84.82698655786685,0.0008221743052201226,7.537218656317747,9.531719525812372,False
prod_codigo_zae,2022_2023,train,48.0,219,19614.300000000003,19736.103625166084,121.80362516608147,0.006209939950244539,89.56301369863014,90.11919463546157,0.5561809368314191,6.395646109090705,8.226851054668787,False
prod_codigo_zae,2024_2025,test,48.0,217,20070.660000000003,21182.529426143177,1111.8694261431738,0.05539775105268953,92.4915207373272,97.61534297761833,5.123822240291153,12.429646851969679,16.266961884922484,False
prod_codigo_zae,2024_2025,test,34.0,216,25021.269999999997,25798.92944925469,777.6594492546938,0.031079935161352476,115.83921296296295,119.43948819099394,3.6002752280309926,11.666959579366802,14.542574111648236,False
prod_codigo_zae,2024_2025,test,35.0,212,22444.35,23141.20365745821,696.8536574582104,0.031048065881088577,105.86957547169811,109.15662102574626,3.2870455540481593,13.50235439266622,16.85204954898006,False
prod_codigo_zae,2020_2021,train,35.0,211,22650.739999999998,22721.4438170056,70.70381700560029,0.003121479342644006,107.34947867298577,107.6845678531071,0.3350891801213237,9.115663282755465,11.744638368863633,False
prod_codigo_zae,2025_2026,external,54.0,206,20271.36,17444.269223310363,-2827.090776689638,-0.13946231415601312,98.40466019417477,84.68091855975904,-13.723741634415722,18.310307938259072,23.17989739649382,False
prod_codigo_zae,2020_2021,train,20.0,205,19015.9,19092.52142856373,76.62142856372884,0.004029334849453817,92.76048780487805,93.13425087104258,0.37376306616453897,7.876377695755657,10.009045503390201,False
prod_codigo_zae,2025_2026,external,48.0,204,19294.82,19147.08900278034,-147.7309972196599,-0.007656510774376745,94.58245098039215,93.85827942539382,-0.7241715549983337,11.580517046928138,15.544842197513514,False
prod_codigo_zae,2022_2023,train,35.0,203,21846.579999999998,21849.303488543286,2.723488543288113,0.00012466429726245998,107.61862068965516,107.6320368893758,0.013416199720621998,7.182750605138974,9.085891048899917,False
prod_codigo_zae,2020_2021,train,34.0,197,22601.940000000002,22816.445808747685,214.50580874768275,0.009490592787507742,114.73065989847717,115.81952187181567,1.0888619733385005,7.611028457541996,9.748075782458924,False
prod_codigo_zae,2021_2022,train,34.0,195,23275.15,23404.619327379933,129.4693273799312,0.005562556090075947,119.3597435897436,120.02368885835862,0.6639452686150262,7.5941788648581,9.469206549573357,False
prod_codigo_zae,2024_2025,test,2.0,194,21090.239999999998,21311.035840029966,220.79584002996853,0.01046910040046811,108.71257731958762,109.85070020634004,1.1381228867524136,12.008142848769173,16.040938794437405,False
prod_codigo_zae,2020_2021,train,2.0,192,19793.96,19723.672255000707,-70.28774499929204,-0.0035509693360647413,103.09354166666667,102.72745966146202,-0.3660820052046563,9.274938597615742,12.458669364969106,False
prod_codigo_zae,2020_2021,train,21.0,192,16993.84,16733.353691462493,-260.4863085375073,-0.015328278278335402,88.50958333333334,87.15288380970048,-1.3566995236328563,7.18619415020105,9.113575410666787,False
prod_codigo_zae,2022_2023,train,2.0,192,20450.03,20433.107794802345,-16.922205197653966,-0.0008274904827843268,106.51057291666666,106.42243643126221,-0.08813648540447143,9.165181782853105,12.095708013896196,False
prod_codigo_zae,2022_2023,train,34.0,192,21484.91,21376.52659214507,-108.38340785492983,-0.005044629363349896,111.90057291666666,111.33607600075557,-0.5644969159110927,7.721423423136637,9.961490495401444,False
prod_codigo_zae,2025_2026,external,34.0,191,23056.46,22904.17356059453,-152.28643940547045,-0.006604935857693265,120.7144502617801,119.91713906070434,-0.7973112010757697,12.321753501098193,15.720897297721827,False
prod_codigo_zae,2025_2026,external,35.0,189,21204.480000000003,21116.06547569322,-88.41452430678328,-0.004169615303312473,112.1930158730159,111.72521415710699,-0.4678017159088893,12.066349267339909,15.097625783793925,False
prod_codigo_zae,2025_2026,external,2.0,180,20437.239999999998,19878.12496564073,-559.1150343592672,-0.027357658585957165,113.54022222222221,110.43402758689295,-3.1061946353292638,15.125424619525534,19.48934573191625,False
prod_codigo_zae,2021_2022,train,2.0,174,18630.29,18634.39882957771,4.108829577708093,0.0002205456585865326,107.07063218390805,107.09424614699833,0.02361396309028922,9.482167740912692,12.182701239866711,False
prod_codigo_zae,2021_2022,train,21.0,172,14971.5,14869.462385056162,-102.03761494383798,-0.006815457031281968,87.0436046511628,86.45036270381489,-0.5932419473479048,7.521166241220756,10.435610242208034,False
prod_codigo_zae,2021_2022,train,35.0,167,19719.08,19630.73478960777,-88.34521039223182,-0.004480189257928454,118.07832335329343,117.54931011741179,-0.529013235881612,8.099017749136804,10.418159843697236,False
prod_codigo_zae,2022_2023,train,21.0,166,13234.779999999999,13123.743150224385,-111.03684977561352,-0.008389776768152815,79.72759036144578,79.05869367605051,-0.6688966853952628,6.097954496899419,8.092365665419633,False
prod_codigo_zae,2025_2026,external,20.0,155,16181.56,13575.684089215443,-2605.8759107845563,-0.1610398447853332,104.39716129032257,87.58505864009963,-16.81210265022295,18.909809431284938,22.64665281149309,False
prod_codigo_zae,2024_2025,test,54.0,153,14179.26,12771.096732641035,-1408.1632673589647,-0.09931147798678949,92.67490196078431,83.47122047477801,-9.203681486006316,16.708777928764444,21.388101458478317,False
prod_codigo_zae,2024_2025,test,33.0,150,15022.82,15520.298213343136,497.4782133431363,0.03311483551977167,100.15213333333332,103.4686547556209,3.3165214222875785,13.348187714113026,16.791833579026815,False
prod_codigo_zae,2022_2023,train,49.0,147,12351.300000000001,12389.006352339964,37.706352339962905,0.00305282458850185,84.02244897959184,84.27895477782289,0.2565057982310477,8.45186471138576,11.540083579465415,False
prod_codigo_zae,2022_2023,train,33.0,145,14384.439999999999,14403.328231065401,18.88823106540258,0.0013131015920955268,99.20303448275861,99.33329814527863,0.13026366252000995,8.0940223905774,11.021317884818194,False
prod_codigo_zae,2025_2026,external,21.0,144,13363.800000000001,12392.70845204458,-971.0915479554205,-0.07266582468724618,92.80416666666667,86.0604753614207,-6.74369130524597,12.353578822346751,16.510025667804804,False
prod_codigo_zae,2024_2025,test,21.0,141,12026.05,12590.7539486048,564.7039486048016,0.04695672715520072,85.29113475177304,89.29612729506951,4.004992543296457,12.551416223315117,15.608750581577397,False
prod_codigo_zae,2024_2025,test,49.0,138,12308.8,12502.556113575152,193.756113575153,0.01574126751390493,89.19420289855071,90.59823270706632,1.4040298085155851,10.55303157682425,13.546922166426393,False
prod_codigo_zae,2020_2021,train,33.0,137,13905.34,13951.399262800687,46.059262800687065,0.003312343517000452,101.49883211678832,101.83503111533348,0.33619899854515867,8.263450452420656,10.523707282055852,False
prod_codigo_zae,2021_2022,train,33.0,135,13988.630000000001,14201.072233481917,212.44223348191554,0.015186779082863406,103.61948148148149,105.1931276554216,1.573646173940134,8.077807109251852,10.179232930076015,False
prod_codigo_zae,2021_2022,train,20.0,134,10722.42,10672.040126679723,-50.3798733202766,-0.00469855436741674,80.01805970149253,79.64209049760987,-0.37596920388266586,7.146518763852129,9.186052174231834,False
prod_codigo_zae,2024_2025,test,20.0,133,12901.009999999998,12341.78866808206,-559.2213319179391,-0.04334709700387328,97.00007518796991,92.79540351941398,-4.2046716685559495,12.382884380231175,16.44292620140129,False
prod_codigo_zae,2022_2023,train,20.0,132,10729.84,10839.552148637524,109.71214863752357,0.0102249566291318,81.28666666666666,82.11781930786003,0.8311526411933597,7.71891773182769,10.040804028468203,False
prod_codigo_zae,2025_2026,external,33.0,127,13566.66,13306.15285475239,-260.5071452476095,-0.01920201031407948,106.82409448818898,104.77285712403457,-2.05123736415439,11.164158768746402,14.01085554444545,False
prod_codigo_zae,2020_2021,train,54.0,119,11077.18,11138.10514559059,60.925145590590546,0.005500059183888909,93.0855462184874,93.5975222318537,0.5119760133663109,7.3774407625007,9.967107674715072,False
prod_codigo_zae,2021_2022,train,49.0,116,9589.909999999998,9714.532066063604,124.62206606360633,0.012995123631359039,82.67163793103447,83.7459660867552,1.074328155720706,8.215134965216016,10.059392287685899,False
prod_codigo_zae,2020_2021,train,49.0,113,10512.64,10590.987607898669,78.3476078986696,0.007452705305106005,93.03221238938053,93.72555405220061,0.6933416628200764,7.768111906831328,10.058869611617126,False
prod_codigo_zae,2024_2025,test,3.0,105,12378.189999999999,11913.640869329647,-464.5491306703516,-0.03752964938091528,117.8875238095238,113.46324637456807,-4.424277434955755,15.119065073563188,18.880951036657976,False
prod_codigo_zae,2025_2026,external,49.0,103,9501.31,9768.421392470787,267.1113924707879,0.02811311203095025,92.2457281553398,94.83904264534745,2.5933144900076464,13.120491241290667,18.072261873412824,False
prod_codigo_zae,2021_2022,train,3.0,91,9680.69,9652.706791270237,-27.983208729763646,-0.0028906213017629574,106.38120879120879,106.07370100296964,-0.30750778823917124,8.186951938818751,10.638507416659687,False
prod_codigo_zae,2022_2023,train,44.0,89,7411.3,7409.677461507974,-1.6225384920262513,-0.00021892764994349862,83.27303370786517,83.25480293829185,-0.01823076957332204,5.62385989715245,7.468754465039221,False
prod_codigo_zae,2020_2021,train,44.0,86,5848.69,5788.788654041468,-59.90134595853124,-0.01024183978951376,68.00802325581395,67.31149597722637,-0.6965272785875707,7.493648639625427,9.218091952793474,False
prod_codigo_zae,2021_2022,train,44.0,86,6048.669999999999,6016.188024940841,-32.481975059157776,-0.005370102032208367,70.33337209302324,69.95567470861444,-0.3776973844088326,5.549365355745681,7.301299491578113,False
prod_codigo_zae,2024_2025,test,15.0,83,8084.39,8827.818270083982,743.4282700839822,0.09195848667419337,97.40228915662651,106.35925626607208,8.956967109445579,14.619679870056126,19.123204896992018,False
prod_codigo_zae,2024_2025,test,44.0,82,6044.64,7196.445332399356,1151.8053323993554,0.1905498644086919,73.71512195121952,87.76152844389458,14.046406492675068,17.095018387646824,18.908347215749778,False
prod_codigo_zae,2025_2026,external,44.0,82,5760.010000000001,6815.13383135839,1055.123831358389,0.183180902699542,70.24402439024392,83.11138818729744,12.867363797053544,15.141318580361427,18.063142662949584,False
prod_codigo_zae,2020_2021,train,14.0,81,7121.77,7005.513694763801,-116.2563052361993,-0.016324074666297744,87.92308641975309,86.4878233921457,-1.435263027607393,7.97285165026093,10.558413770313425,False
prod_codigo_zae,2021_2022,train,54.0,80,7570.950000000001,7521.607113840822,-49.342886159178306,-0.006517396913092584,94.636875,94.02008892301028,-0.6167860769897084,6.9314552287855475,8.517344988080335,False
prod_codigo_zae,2022_2023,train,54.0,80,7103.52,7154.759866225964,51.23986622596385,0.007213306392600267,88.79400000000001,89.43449832782456,0.6404983278245484,7.384741654587731,9.482873843524033,False
prod_codigo_zae,2020_2021,train,3.0,79,8523.799999999997,8531.94326858901,8.143268589012223,0.0009553566002266859,107.89620253164554,107.99928188087354,0.10307934922799229,7.992002460831843,9.715384955110974,False
prod_codigo_zae,2020_2021,train,15.0,77,7984.989999999999,8059.519483401913,74.52948340191415,0.00933369777569091,103.70116883116881,104.66908420002484,0.9679153688560161,7.218271133449467,8.648901963198252,False
prod_codigo_zae,2021_2022,train,15.0,76,7843.49,7973.111553416335,129.6215534163348,0.01652600480351665,103.20381578947368,104.90936254495178,1.7055467554780774,7.785127024843044,10.168177438190265,False
prod_codigo_zae,2025_2026,external,15.0,72,7483.59,7495.826383069581,12.23638306958128,0.001635095331195493,103.93875,104.1086997648553,0.16994976485531132,16.995788752819617,20.19447350071264,False
prod_codigo_zae,2024_2025,test,28.0,70,6654.0599999999995,6944.772385999666,290.71238599966637,0.043689474696601234,95.05799999999999,99.21103408570951,4.153034085709529,10.453149899516543,13.135908853406788,False
prod_codigo_zae,2022_2023,train,15.0,69,7170.950000000001,7332.793112078792,161.8431120787909,0.02256927074917422,103.9268115942029,106.27236394317089,2.3455523489679972,7.316340099827124,10.340444641693482,False
prod_codigo_zae,2025_2026,external,3.0,69,8435.029999999999,8240.837368561044,-194.19263143895478,-0.023022162510264316,122.24681159420288,119.43242563131948,-2.8143859628834305,9.219653552333027,11.500533843687908,False
prod_codigo_zae,2022_2023,train,3.0,67,6938.91,6957.081396631545,18.171396631545576,0.002618768168422069,103.56582089552239,103.83703577062008,0.27121487509769887,9.032065241857094,11.93337989021184,False
prod_codigo_zae,2025_2026,external,14.0,67,5608.55,5695.960976035897,87.41097603589697,0.015585307438802714,83.70970149253732,85.0143429259089,1.3046414333715934,14.622979867484036,18.441704742830265,False
prod_codigo_zae,2020_2021,train,28.0,66,6490.54,6502.282022038174,11.742022038173673,0.0018090978621460884,98.34151515151515,98.51942457633596,0.1779094248208089,8.136268753642746,10.366127575481853,False
prod_codigo_zae,2022_2023,train,28.0,65,5892.849999999999,5819.777095829325,-73.07290417067452,-0.012400265435345295,90.65923076923076,89.53503224352808,-1.1241985257026939,6.293776485246364,8.275276482235439,False
prod_codigo_zae,2021_2022,train,14.0,64,5483.6,5396.705754567238,-86.89424543276255,-0.01584620421488849,85.68125,84.32352741511309,-1.3577225848869021,7.1988452990053835,8.973422490542797,False
prod_codigo_zae,2022_2023,train,14.0,64,5039.469999999999,5182.308847830713,142.83884783071335,0.028344021857598788,78.74171874999999,80.97357574735489,2.2318569973548863,9.123729118412445,11.815040163378114,False
prod_codigo_zae,2024_2025,test,14.0,64,5342.52,5363.129469561563,20.609469561562946,0.0038576307737852073,83.476875,83.79889796189943,0.32202296189942237,9.292622075208772,11.368516037642756,False
prod_codigo_zae,2021_2022,train,28.0,61,5903.67,5856.68904477736,-46.98095522263975,-0.007957923668267324,96.78147540983606,96.0112958160223,-0.7701795938137571,5.9247617837305215,8.22464305520492,False
prod_codigo_zae,2025_2026,external,28.0,54,5816.33,5261.923092801691,-554.4069071983085,-0.09531902543327296,107.70981481481482,97.44302023706835,-10.266794577746433,13.097981405129918,15.63441415822462,False
prod_codigo_zae,2020_2021,train,50.0,52,5024.94,4907.938035690889,-117.00196430911092,-0.02328425101774567,96.63346153846153,94.38342376328632,-2.2500377751752376,11.944802509380388,14.999763884036133,False
prod_codigo_zae,2025_2026,external,32.0,52,5198.86,4950.45896983051,-248.4010301694898,-0.047779903703790795,99.97807692307691,95.20113403520212,-4.776942887874798,12.686328875752615,16.86111338373488,False
prod_codigo_zae,2020_2021,train,18.0,50,4485.089999999999,4509.908363555319,24.818363555319593,0.0055335263183837104,89.70179999999999,90.19816727110637,0.49636727110636386,5.085911130350996,6.443365714593264,False
prod_codigo_zae,2022_2023,train,9.0,49,4393.64,4321.192514453572,-72.44748554642865,-0.01648917197276715,89.66612244897959,88.18760233578718,-1.4785201131924124,7.793936308393086,9.859785900733629,False
prod_codigo_zae,2022_2023,train,18.0,49,4367.38,4287.545231942206,-79.83476805779446,-0.018279785147570043,89.13020408163266,87.50092310086134,-1.629280980771315,6.5760464125028655,8.054923696853399,False
prod_codigo_zae,2024_2025,test,40.0,49,4401.2300000000005,4526.927144056492,125.6971440564912,0.0285595490479914,89.82102040816328,92.38626824605085,2.565247837887599,12.157640997128814,15.29107952424745,False
prod_codigo_zae,2025_2026,external,25.0,47,4588.849999999999,4733.223829317051,144.3738293170518,0.03146187592033991,97.6351063829787,100.70688998546918,3.0717836024904726,11.994532600496887,15.579781163875749,False
prod_codigo_zae,2020_2021,train,32.0,46,4062.3,4144.139326362572,81.83932636257214,0.020146056756658082,88.3108695652174,90.0899853557081,1.7791157904907116,8.226893001518212,10.275287181329006,False
prod_codigo_zae,2021_2022,train,18.0,46,4300.11,4298.005149950946,-2.1048500490533115,-0.0004894874896347563,93.48065217391304,93.43489456415101,-0.04575760976203106,6.430191592577735,8.763559167413057,False
prod_codigo_zae,2024_2025,test,25.0,46,4282.709999999999,4801.401434764462,518.6914347644624,0.12111290158905519,93.1023913043478,104.378292060097,11.27590075574916,13.679143088033122,16.147931436181306,False
prod_codigo_zae,2020_2021,train,40.0,45,4126.05,4138.37424239057,12.324242390569452,0.0029869348143065286,91.69,91.96387205312377,0.2738720531237768,9.204846618308432,12.2524311122247,False
prod_codigo_zae,2022_2023,train,40.0,44,3659.24,3652.0294400043344,-7.210559995665335,-0.0019705075358996227,83.16454545454545,83.0006690910076,-0.16387636353785942,7.204300874825489,10.108676409486693,False
prod_codigo_zae,2024_2025,test,32.0,44,4232.0199999999995,4246.107949306038,14.087949306038354,0.003328894784532766,96.18227272727272,96.50245339331904,0.3201806660463251,12.115213500265172,14.530577281539763,False
prod_codigo_zae,2020_2021,train,45.0,43,3408.24,3472.5905052750613,64.35050527506155,0.01888086087689293,79.2613953488372,80.75791872732701,1.4965233784897949,7.541259602973943,9.481615573084348,False
prod_codigo_zae,2022_2023,train,50.0,43,4143.53,4039.9795056555954,-103.55049434440434,-0.02499088804579775,96.36116279069766,93.95301175943246,-2.4081510312652266,9.380142932289223,11.938809420501832,False
prod_codigo_zae,2024_2025,test,50.0,43,3738.11,4000.398566910255,262.28856691025476,0.07016609112900764,86.93279069767442,93.0325248118664,6.099734114191979,13.135764007066948,16.837520219737804,False
prod_codigo_zae,2021_2022,train,9.0,42,4037.4700000000003,3932.899333531506,-104.57066646849444,-0.025900047918249406,96.1302380952381,93.64046032217871,-2.4897777730593824,9.282957410533138,12.94160592041634,False
prod_codigo_zae,2024_2025,test,8.0,42,4571.9800000000005,4282.188956628598,-289.79104337140234,-0.06338414502500062,108.85666666666668,101.95687991972852,-6.899786746938133,11.432172200948449,14.90613893534148,False
prod_codigo_zae,2021_2022,train,25.0,41,3813.4,3882.6884413915586,69.28844139155854,0.01816972816687432,93.00975609756098,94.69971808272095,1.6899619851599532,6.766894463699046,8.320201062346584,False
prod_codigo_zae,2021_2022,train,45.0,40,3093.49,3194.634663535304,101.14466353530406,0.03269597235979559,77.33725,79.8658665883826,2.5286165883826,5.878906394425852,7.470127552739627,False
prod_codigo_zae,2024_2025,test,9.0,40,4088.2299999999996,3753.3009528805833,-334.9290471194163,-0.08192519675248612,102.20575,93.83252382201458,-8.373226177985423,13.394683374898477,18.77922759996485,False
prod_codigo_zae,2024_2025,test,18.0,40,3780.04,3914.09214284637,134.05214284636986,0.03546315458205994,94.501,97.85230357115924,3.3513035711592436,9.258885141705914,12.970728782387376,False
prod_codigo_zae,2025_2026,external,50.0,40,3217.08,3453.7924015078897,236.7124015078898,0.07357989279343063,80.42699999999999,86.34481003769724,5.917810037697249,17.500941922825785,21.127218611303313,False
prod_codigo_zae,2020_2021,train,53.0,39,3969.9700000000007,4027.6718168479515,57.701816847950795,0.014534572515145148,101.79410256410259,103.27363632943465,1.4795337653320746,8.55846387431306,10.756987813965567,False
prod_codigo_zae,2021_2022,train,8.0,39,4568.72,4584.696927644198,15.97692764419753,0.003497024909427045,117.14666666666668,117.55633147805635,0.4096648113896744,7.551319286977131,10.389289941441007,False
prod_codigo_zae,2025_2026,external,9.0,39,4353.5,3922.8528604467824,-430.6471395532176,-0.0989197518211135,111.62820512820512,100.58597078068672,-11.042234347518423,14.354615750937992,17.74176750073808,False
prod_codigo_zae,2025_2026,external,40.0,39,3682.4399999999996,3635.183371702056,-47.256628297943735,-0.012832966266373312,94.42153846153845,93.20983004364246,-1.211708417896005,11.195289016354055,15.326192180555633,False
prod_codigo_zae,2020_2021,train,25.0,38,3291.06,3339.101547613542,48.04154761354221,0.014597590932265656,86.60684210526315,87.87109335825112,1.2642512529879582,6.5379469489811,8.395604246202446,False
prod_codigo_zae,2022_2023,train,25.0,38,3619.69,3666.1321051063187,46.44210510631865,0.012830409539578983,95.255,96.4771606606926,1.2221606606926145,4.8917058598774075,6.511866135526109,False
prod_codigo_zae,2022_2023,train,32.0,38,3431.7899999999995,3377.1205345308417,-54.669465469157785,-0.015930306186904733,90.31026315789472,88.87159301396952,-1.4386701439252108,8.222757877919614,11.504334080931171,False
prod_codigo_zae,2022_2023,train,45.0,38,2608.2899999999995,2819.01191633231,210.72191633231068,0.08078929732978722,68.63921052631578,74.18452411400817,5.545313587692373,9.763453288167879,12.386218854086865,False
prod_codigo_zae,2021_2022,train,40.0,37,3356.3799999999997,3332.5600764308483,-23.819923569151342,-0.007096909041631563,90.71297297297296,90.0691912548878,-0.6437817180851684,6.426270990565254,8.362772463449366,False
prod_codigo_zae,2025_2026,external,8.0,36,4120.44,3918.8342228470106,-201.60577715298905,-0.04892821571312507,114.45666666666665,108.85650619019474,-5.600160476471929,13.204711146966861,15.726994827054106,False
prod_codigo_zae,2022_2023,train,8.0,35,3758.88,3757.2884514386074,-1.5915485613927558,-0.0004234103140809911,107.39657142857143,107.35109861253164,-0.0454728160397914,10.835722155885083,13.952831205286918,False
prod_codigo_zae,2021_2022,train,42.0,34,2684.87,2645.2353063519154,-39.63469364808452,-0.014762239381454045,78.96676470588235,77.80103842211516,-1.1657262837671867,8.763479962061027,13.168594544073931,False
prod_codigo_zae,2020_2021,train,8.0,33,3494.1299999999997,3595.7037840431612,101.5737840431616,0.0290698354220254,105.88272727272727,108.96072072858064,3.0779934558533575,8.925260022802066,10.34327970006158,False
prod_codigo_zae,2021_2022,train,32.0,32,2833.46,2901.7161090355075,68.2561090355075,0.024089314490237202,88.545625,90.67862840735961,2.133003407359616,8.125463498871909,10.655812441859542,False
prod_codigo_zae,2021_2022,train,50.0,32,3093.2200000000003,3139.578724057753,46.358724057752625,0.01498720558439187,96.66312500000001,98.11183512680478,1.4487101268047842,10.305685223187503,12.696520158991522,False
prod_codigo_zae,2025_2026,external,18.0,32,3347.51,3211.5273532736846,-135.98264672631558,-0.04062202853055422,104.6096875,100.36022978980264,-4.249457710197363,12.62021455542462,14.76150439593889,False
prod_codigo_zae,2020_2021,train,42.0,31,2660.4900000000002,2568.0944863823393,-92.39551361766098,-0.03472875809255475,85.82225806451613,82.84175762523675,-2.9805004392793832,9.194211873542393,11.775269744196025,False
prod_codigo_zae,2022_2023,train,53.0,31,3648.3699999999994,3515.3941028915356,-132.97589710846387,-0.03644802942367794,117.68935483870966,113.3998097706947,-4.289545068014965,8.852832726492753,10.208527492627132,False
prod_codigo_zae,2024_2025,test,45.0,31,2432.7899999999995,2774.437512474521,341.6475124745216,0.14043444459839183,78.47709677419353,89.49798427337164,11.020887499178093,13.133834545531531,16.03456949506032,False
prod_codigo_zae,2020_2021,train,9.0,30,2802.53,2744.0728734168015,-58.457126583198715,-0.02085869788483931,93.41766666666668,91.46909578056005,-1.9485708861066031,9.596947342098606,12.957225188260365,False
prod_codigo_zae,2025_2026,external,42.0,30,2324.39,2595.843230752918,271.453230752918,0.11678471803480397,77.47966666666666,86.52810769176394,9.048441025097276,12.43976144821462,14.17109476074957,False
prod_codigo_zae,2022_2023,train,42.0,29,2126.11,2119.2903844344173,-6.819615565582808,-0.0032075553784060126,73.31413793103448,73.0789787736006,-0.2351591574338873,6.609887223204721,7.849495002976439,False
prod_codigo_zae,2020_2021,train,4.0,28,3517.5299999999997,3526.0958397071495,8.565839707149735,0.002435185970595769,125.62607142857142,125.93199427525533,0.3059228466838957,7.5280547451761155,9.004430928620918,False
prod_codigo_zae,2022_2023,train,17.0,28,2467.8900000000003,2482.3044681314586,14.414468131458307,0.005840806572196615,88.13892857142858,88.65373100469495,0.5148024332664003,8.84055054513288,11.259681815413927,False
prod_codigo_zae,2021_2022,train,53.0,26,2769.4599999999996,2729.1350701160054,-40.32492988399417,-0.014560574943849769,106.51769230769229,104.9667334660002,-1.5509588416920914,8.222515607912932,9.229690381370958,False
prod_codigo_zae,2024_2025,test,42.0,25,1666.05,2080.894332704947,414.84433270494696,0.2489987291527547,66.642,83.23577330819788,16.593773308197882,17.200981651164188,21.678336517463965,False
prod_codigo_zae,2020_2021,train,39.0,24,2251.1299999999997,2158.954902056116,-92.17509794388343,-0.04094614613277929,93.79708333333332,89.95645425233818,-3.840629080995155,9.617916616520095,12.326070692031205,False
prod_codigo_zae,2024_2025,test,39.0,23,2152.7600000000007,2101.3269921363003,-51.43300786370037,-0.02389165901619333,93.59826086956525,91.36204313636088,-2.236217733204323,13.076235250281986,17.356213930124632,False
prod_codigo_zae,2025_2026,external,39.0,23,2261.37,2125.4061953780765,-135.96380462192337,-0.06012452832659997,98.32043478260869,92.4089650164381,-5.911469766170562,13.469190043580294,15.389694961013143,False
prod_codigo_zae,2021_2022,train,4.0,22,2792.5699999999997,2766.8174827322646,-25.75251726773513,-0.009221798296098265,126.93499999999999,125.76443103328475,-1.1705689667152404,6.826988820974278,8.195481948117406,False
prod_codigo_zae,2021_2022,train,17.0,22,2111.11,2156.6122474921267,45.50224749212657,0.0215537075245376,95.95954545454546,98.0278294314603,2.068283976914846,7.1736886073377635,9.459650518160116,False
prod_codigo_zae,2022_2023,train,39.0,22,1728.3400000000001,1777.92847485136,49.58847485135993,0.028691388761100205,78.56090909090909,80.81493067506182,2.2540215841527402,9.316940719042593,11.754687398092912,False
prod_codigo_zae,2024_2025,test,43.0,22,2195.21,2438.2673885713366,243.05738857133656,0.11072170251198589,99.78227272727273,110.83033584415166,11.048063116878932,16.11666715365287,18.401728102711605,False
prod_codigo_zae,2025_2026,external,43.0,22,2177.7400000000002,2455.0674632421437,277.3274632421435,0.12734645239658704,98.98818181818183,111.59397560191563,12.605793783733818,13.732743529056682,15.506907269704113,False
prod_codigo_zae,2020_2021,train,17.0,21,1832.74,1794.5856397699317,-38.15436023006828,-0.0208182067451293,87.27333333333334,85.45645903666342,-1.8168742966699223,8.81133370257379,10.469673981767519,False
prod_codigo_zae,2020_2021,train,43.0,21,2088.77,2086.5289206577427,-2.241079342257308,-0.0010729181969567295,99.46523809523809,99.35852003132108,-0.10671806391699723,6.205355615908657,8.045021377336228,False
prod_codigo_zae,2020_2021,train,,21,2223.83,2153.8972839083044,-69.93271609169551,-0.031446970358208814,105.89666666666666,102.56653732896687,-3.330129337699785,9.50022409111128,12.3482075790383,False
prod_codigo_zae,2021_2022,train,43.0,21,2080.62,2139.1940377705578,58.57403777055788,0.028152203559784046,99.07714285714285,101.86638275097894,2.7892398938360707,7.6256251662434344,9.051026485263876,False
prod_codigo_zae,2022_2023,train,4.0,21,2567.0499999999997,2542.69081927737,-24.359180722629844,-0.009489172677832471,122.24047619047617,121.08051520368429,-1.159960986791908,6.038068731006838,6.733782789289489,False
prod_codigo_zae,2024_2025,test,53.0,21,2323.4100000000003,2287.0950114591583,-36.31498854084202,-0.015630038839826815,110.63857142857144,108.90928625995991,-1.7292851686115296,16.036879355440426,20.540786387354263,False
prod_codigo_zae,2022_2023,train,43.0,20,2073.4,2160.472214024019,87.0722140240191,0.041994894387971014,103.67,108.02361070120097,4.353610701200963,7.003561710092522,7.921354808599142,False
prod_codigo_zae,2025_2026,external,17.0,20,1857.99,1789.9805283802282,-68.00947161977183,-0.03660378775976826,92.8995,89.49902641901141,-3.400473580988598,11.463786478111244,14.403341584118477,False
prod_codigo_zae,2025_2026,external,45.0,20,1508.7299999999998,1770.6617934899477,261.93179348994795,0.1736107809150398,75.4365,88.53308967449739,13.09658967449738,17.42552634629762,19.77862532433325,False
prod_codigo_zae,2021_2022,train,,19,1943.21,1919.4108543798939,-23.799145620106174,-0.012247335913311569,102.2742105263158,101.02162391473125,-1.2525866115845388,8.483910192857653,10.405129746354039,False
prod_codigo_zae,2024_2025,test,1.0,19,1991.5700000000002,1995.2368918105185,3.6668918105183366,0.0018412065910404034,104.81947368421054,105.01246799002729,0.19299430581676988,16.448628019848947,20.231718628652715,False
prod_codigo_zae,2025_2026,external,1.0,19,2322.6800000000003,1960.557379346013,-362.12262065398727,-0.15590723674978355,122.2463157894737,103.18723049189542,-19.059085297578264,20.592797897948948,24.499699973212284,False
prod_codigo_zae,2025_2026,external,53.0,19,2274.02,2115.940725023651,-158.0792749763491,-0.06951534066382402,119.68526315789474,111.36530131703425,-8.319961840860476,14.568062326029445,17.972997543119945,False
prod_codigo_zae,2024_2025,test,17.0,17,1454.87,1525.4485822286447,70.57858222864479,0.04851195105311457,85.58058823529412,89.73226954286145,4.151681307567334,8.615092012187246,11.687699947152463,False
prod_codigo_zae,2022_2023,train,,16,1343.1599999999999,1362.02697341341,18.86697341341005,0.01404670583803125,83.94749999999999,85.12668583833812,1.1791858383381224,10.025155494608988,11.529193218799797,False
prod_codigo_zae,2025_2026,external,4.0,16,1883.72,1930.2020312159468,46.48203121594679,0.024675658386568485,117.7325,120.63762695099668,2.905126950996676,9.198942818765062,12.095141075671586,False
prod_codigo_zae,2020_2021,train,1.0,15,1494.53,1457.4354015097113,-37.09459849028872,-0.024820243481421395,99.63533333333334,97.16236010064742,-2.4729732326859004,4.516382051606582,6.02806429250156,False
prod_codigo_zae,2021_2022,train,1.0,14,1519.82,1516.8221298047097,-2.997870195290261,-0.0019725166107106506,108.55857142857143,108.34443784319355,-0.21413358537786856,7.2256493658948235,8.747018288232548,False
prod_codigo_zae,2022_2023,train,1.0,14,1334.84,1321.7141179103924,-13.125882089607558,-0.009833299938275418,95.34571428571428,94.40815127931374,-0.9375630064005583,9.39974001488651,10.696220974760053,False
prod_codigo_zae,2021_2022,train,39.0,13,1279.5799999999997,1230.2031888245656,-49.37681117543411,-0.03858829551527386,98.42923076923074,94.63101452496659,-3.7982162442641854,6.553813189182468,7.700090827627343,False
prod_codigo_zae,2022_2023,train,30.0,13,1289.99,1240.2630867666007,-49.72691323339927,-0.038548293578554306,99.23,95.40485282820006,-3.8251471717999483,11.540966730157065,13.248165972661964,False
prod_codigo_zae,2020_2021,train,30.0,12,1210.07,1172.9596106668005,-37.110389333199464,-0.030667969070549195,100.83916666666666,97.74663422223337,-3.092532444433289,8.164879673190894,10.283655418897395,False
prod_codigo_zae,2020_2021,train,16.0,11,812.23,843.7130646738825,31.483064673882495,0.03876126795843849,73.83909090909091,76.70118769762568,2.86209678853478,9.378572065376858,11.628171136921218,False
prod_codigo_zae,2022_2023,train,16.0,11,606.28,604.2239732053062,-2.056026794693821,-0.0033912165908389215,55.11636363636364,54.92945210957328,-0.18691152679034995,8.280818418671515,11.709378757834285,False
prod_codigo_zae,2024_2025,test,4.0,11,1149.6100000000001,1247.3258247018123,97.71582470181215,0.08499910813389945,104.51,113.39325679107384,8.88325679107385,12.538937479885222,15.379314714357083,False
prod_codigo_zae,2024_2025,test,30.0,11,1143.18,1159.6545507926971,16.474550792697073,0.01441116079068657,103.92545454545456,105.42314098115429,1.4976864356997304,12.300238328836569,14.18478956568822,False
prod_codigo_zae,2025_2026,external,30.0,11,1239.2000000000003,1098.9081309866472,-140.2918690133531,-0.11321164381322876,112.65454545454548,99.90073918060429,-12.753806273941166,14.785250816473882,18.91655076788592,False
prod_codigo_zae,2020_2021,train,5.0,8,804.96,794.4479794396111,-10.512020560388919,-0.01305905953139152,100.62,99.30599742995139,-1.3140025700486222,5.193837721461719,6.169786718623726,False
prod_codigo_zae,2021_2022,train,30.0,8,808.33,811.0114622157804,2.681462215780357,0.003317286523796416,101.04125,101.37643277697255,0.3351827769725497,5.924333729849566,7.683665976061028,False
prod_codigo_zae,2025_2026,external,,8,851.15,769.4677886768538,-81.68221132314613,-0.09596688165792884,106.39375,96.18347358460673,-10.210276415393253,19.098132040744726,22.19390240909944,False
prod_codigo_zae,2020_2021,train,23.0,7,655.58,657.3212712777497,1.7412712777496608,0.002656077485203424,93.65428571428572,93.90303875396424,0.24875303967852094,7.500496951447927,8.124143902247212,False
prod_codigo_zae,2021_2022,train,23.0,7,617.18,623.4667493272251,6.286749327225152,0.01018624927448257,88.16857142857143,89.06667847531787,0.8981070467464504,9.597471091244545,11.04746959893378,False
prod_codigo_zae,2022_2023,train,23.0,7,542.37,497.63620573055493,-44.73379426944507,-0.08247837135063715,77.48142857142857,71.09088653293642,-6.390542038492151,7.215421537509686,10.769317159390255,False
prod_codigo_zae,2024_2025,test,5.0,7,728.01,655.6853462433272,-72.32465375667277,-0.09934568722500071,104.00142857142858,93.66933517761818,-10.3320933938104,12.319515148051968,17.508700344028796,False
prod_codigo_zae,2025_2026,external,16.0,7,558.72,548.957049816618,-9.762950183382031,-0.01747377968102454,79.81714285714285,78.42243568808829,-1.39470716905458,12.202654850400231,15.700274582129477,False
prod_codigo_zae,2021_2022,train,16.0,6,304.38,334.2452174875447,29.865217487544726,0.09811819924944058,50.73,55.70753624792412,4.977536247924117,4.977536247924117,6.101184845071725,False
prod_codigo_zae,2022_2023,train,5.0,6,554.82,535.9176136512367,-18.902386348763343,-0.03406940331776674,92.47000000000001,89.31960227520612,-3.1503977247938764,5.3451843258575495,6.999459017964869,False
prod_codigo_zae,2024_2025,test,16.0,6,541.78,453.12818041430904,-88.65181958569093,-0.16363066112756272,90.29666666666667,75.52136340238484,-14.77530326428183,17.810608530159687,20.786536875985224,False
prod_codigo_zae,2024_2025,test,23.0,6,592.4399999999999,615.527194571902,23.087194571902046,0.038969675531534076,98.74,102.58786576198366,3.8478657619836603,11.995580405219613,14.42777538671573,False
prod_codigo_zae,2025_2026,external,23.0,6,584.23,550.4264157369615,-33.80358426303849,-0.05786006241212962,97.37166666666667,91.73773595616025,-5.633930710506424,7.462534642962353,9.45662091463443,False
prod_codigo_zae,2021_2022,train,5.0,5,444.08000000000004,429.31587033608486,-14.764129663915185,-0.03324655391802194,88.816,85.86317406721697,-2.95282593278302,5.236596002569411,6.91808582662571,False
prod_codigo_zae,2025_2026,external,5.0,5,568.03,470.20770836909685,-97.82229163090312,-0.1722132486504289,113.606,94.04154167381937,-19.564458326180613,19.564458326180613,23.192065831464852,False
prod_codigo_zae,2020_2021,train,13.0,4,324.45,317.97352962315284,-6.476470376847146,-0.019961381959769292,81.1125,79.49338240578821,-1.6191175942117937,8.263665938541187,9.063440961043934,False
prod_codigo_zae,2024_2025,test,,4,421.91999999999996,400.4127588164539,-21.507241183546057,-0.05097468994962566,105.47999999999999,100.10318970411348,-5.376810295886518,11.260193656249658,17.018405463731504,False
prod_codigo_zae,2020_2021,train,31.0,3,284.9,265.2039793057223,-19.69602069427765,-0.06913310177001633,94.96666666666665,88.40132643524078,-6.565340231425893,6.565340231425893,7.531564331095823,False
prod_codigo_zae,2022_2023,train,13.0,3,250.26999999999998,246.56189987482932,-3.7081001251706596,-0.01481639878998945,83.42333333333333,82.18729995827644,-1.2360333750568817,9.605959658133964,11.589780048159659,False
prod_codigo_zae,2022_2023,train,22.0,3,257.4,252.49976813403896,-4.900231865961018,-0.019037419836678393,85.8,84.16658937801299,-1.6334106219870108,1.6334106219870108,1.6692589406412528,False
prod_codigo_zae,2024_2025,test,13.0,3,245.31,273.4203915024321,28.110391502432094,0.11459129877474254,81.77,91.1401305008107,9.37013050081071,16.631171557233447,17.99100079417736,False
prod_codigo_zae,2025_2026,external,13.0,3,260.52,223.915204745287,-36.60479525471297,-0.1405066607351181,86.83999999999999,74.63840158176234,-12.201598418237664,20.882840888927593,24.801982296644265,False
prod_codigo_zae,2020_2021,train,22.0,2,175.33,183.8920293495548,8.562029349554791,0.04883379541182222,87.665,91.9460146747774,4.281014674777396,4.281014674777396,5.886400560486203,False
prod_codigo_zae,2020_2021,train,38.0,2,142.04,175.73884956904993,33.69884956904994,0.2372490113281466,71.02,87.86942478452497,16.849424784524963,16.849424784524963,18.016816015062673,False
prod_codigo_zae,2020_2021,train,51.0,2,111.27000000000001,122.23167323107808,10.961673231078066,0.09851418379687306,55.635000000000005,61.11583661553904,5.48083661553904,5.48083661553904,5.499436358771211,False
prod_codigo_zae,2021_2022,train,22.0,2,169.2,156.82539734035169,-12.374602659648303,-0.07313594952510818,84.6,78.41269867017584,-6.187301329824159,6.187301329824159,6.418388266560168,False
prod_codigo_zae,2021_2022,train,31.0,2,151.55,141.89381379350652,-9.656186206493487,-0.06371617424278117,75.775,70.94690689675326,-4.828093103246744,4.828093103246744,5.081907810222263,False
prod_codigo_zae,2021_2022,train,51.0,2,99.66,112.4390445635741,12.779044563574104,0.12822641544826513,49.83,56.21952228178705,6.389522281787055,6.389522281787055,6.559345815702418,False
prod_codigo_zae,2024_2025,test,31.0,2,206.15,169.67324493678387,-36.47675506321613,-0.17694278468695673,103.075,84.83662246839194,-18.238377531608073,22.676859346244548,29.101174629124937,False
prod_codigo_zae,2025_2026,external,22.0,2,192.62,192.71916971837015,0.09916971837014898,0.0005148464249306872,96.31,96.35958485918508,0.04958485918506028,7.13018432200073,7.13035673188694,False
prod_codigo_zae,2025_2026,external,38.0,2,181.97,153.10856926702996,-28.861430732970035,-0.1586054334943674,90.985,76.55428463351498,-14.430715366485012,14.430715366485012,16.002740825183093,False
prod_codigo_zae,2020_2021,train,19.0,1,71.56,60.20230965844761,-11.357690341552392,-0.15871562802616535,71.56,60.20230965844761,-11.357690341552392,11.357690341552392,11.357690341552392,False
prod_codigo_zae,2020_2021,train,41.0,1,58.57,66.88069319727904,8.310693197279043,0.14189334466926828,58.57,66.88069319727904,8.310693197279043,8.310693197279043,8.310693197279043,False
prod_codigo_zae,2020_2021,train,47.0,1,74.7,76.54437288630221,1.8443728863022102,0.024690400084366935,74.7,76.54437288630221,1.8443728863022104,1.8443728863022104,1.8443728863022104,False
prod_codigo_zae,2021_2022,train,13.0,1,54.85,61.42945362137574,6.579453621375741,0.11995357559481752,54.85,61.42945362137574,6.579453621375741,6.579453621375741,6.579453621375741,False
prod_codigo_zae,2021_2022,train,19.0,1,62.47,57.86289506866162,-4.607104931338377,-0.07374907845907439,62.47,57.86289506866162,-4.607104931338377,4.607104931338377,4.607104931338377,False
prod_codigo_zae,2022_2023,train,19.0,1,47.34,48.057049652224,0.7170496522239986,0.015146802962061652,47.34,48.057049652224,0.7170496522239986,0.7170496522239986,0.7170496522239986,False
prod_codigo_zae,2022_2023,train,31.0,1,39.34,47.93401635930507,8.594016359305066,0.21845491508147089,39.34,47.93401635930507,8.594016359305066,8.594016359305066,8.594016359305066,False
prod_codigo_zae,2024_2025,test,19.0,1,86.03,94.11051551468108,8.080515514681082,0.09392671759480509,86.03,94.11051551468108,8.080515514681082,8.080515514681082,8.080515514681082,False
prod_codigo_zae,2024_2025,test,22.0,1,118.33,116.82254706554605,-1.5074529344539513,-0.012739397738983785,118.33,116.82254706554605,-1.5074529344539511,1.5074529344539511,1.5074529344539511,False
prod_codigo_zae,2024_2025,test,38.0,1,104.64,86.2160563706957,-18.423943629304304,-0.1760697976806604,104.64,86.2160563706957,-18.423943629304304,18.423943629304304,18.423943629304304,False
prod_codigo_zae,2024_2025,test,41.0,1,58.68,61.97343376324284,3.293433763242838,0.056125319755331256,58.68,61.97343376324284,3.293433763242838,3.293433763242838,3.293433763242838,False
prod_codigo_zae,2024_2025,test,47.0,1,94.87,100.34553176543386,5.475531765433857,0.05771615648185788,94.87,100.34553176543386,5.475531765433857,5.475531765433857,5.475531765433857,False
prod_codigo_zae,2025_2026,external,47.0,1,88.93,88.92363837334197,-0.00636162665803397,-7.153521486600663e-05,88.93,88.92363837334197,-0.0063616266580339,0.0063616266580339,0.0063616266580339,False
prod_familia_de_suelo,2024_2025,test,FES,1666,166060.4,171805.20561664185,5744.805616641854,0.034594675290688534,99.67611044417767,103.1243731192328,3.448262675055129,13.985575826832488,17.888757550882445,False
prod_familia_de_suelo,2025_2026,external,FES,1577,167036.21000000002,166968.69760896318,-67.51239103684202,-0.00040417817811384734,105.92023462270134,105.87742397524615,-0.04281064745516743,13.676500806309365,17.900217309625564,False
prod_familia_de_suelo,2022_2023,train,FES,1471,143553.84,143617.96649123248,64.12649123248411,0.00044670690266790576,97.58928619986403,97.63288000763595,0.043593807771909486,7.73857138615126,9.980035540677598,False
prod_familia_de_suelo,2020_2021,train,FES,1435,138990.91999999998,139181.97118476027,191.0511847602902,0.0013745587464295526,96.85778397212542,96.9909206862441,0.13313671411867412,8.28637137749861,10.753243622104645,False
prod_familia_de_suelo,2021_2022,train,FES,1390,139157.43,139520.4232110733,362.99321107330616,0.002608507580754446,100.11325899280575,100.37440518782252,0.26114619501676206,8.129450891384861,10.371535349548497,False
prod_familia_de_suelo,2020_2021,train,MEDIAL,925,86590.31,86924.49098530205,334.18098530205316,0.003859334668071441,93.61114594594595,93.97242268681303,0.36127674086709577,8.029689946298646,10.313732950126052,False
prod_familia_de_suelo,2022_2023,train,MEDIAL,841,78321.46,78230.51699512135,-90.94300487865985,-0.0011611505311399945,93.12896551724138,93.02082876946652,-0.10813674777486139,7.252535983325964,9.558659872335593,False
prod_familia_de_suelo,2021_2022,train,MEDIAL,830,77939.12000000001,77540.54270465106,-398.57729534895043,-0.00511395683385892,93.90255421686749,93.42234060801333,-0.48021360885414516,7.775961586386478,9.975322224938262,False
prod_familia_de_suelo,2025_2026,external,MEDIAL,818,87059.27,79860.9914568187,-7198.27854318131,-0.08268250518504588,106.42942542787287,97.62957390809132,-8.79985151978154,14.705787942164665,18.84804034423272,False
prod_familia_de_suelo,2024_2025,test,MEDIAL,816,81720.04999999999,82097.14335238717,377.09335238717904,0.00461445327538565,100.1471200980392,100.60924430439604,0.46212420635682677,12.942678536554672,16.38888835727836,False
prod_familia_de_suelo,2022_2023,train,FRANCA GRUESA,584,58340.880000000005,58284.24941240868,-56.630587591324,-0.0009706844941544248,99.89876712328768,99.80179693905596,-0.0969701842317119,8.839417927267903,11.628135615622494,False
prod_familia_de_suelo,2020_2021,train,,574,52269.5,52023.91838542219,-245.58161457780807,-0.0046983731349603125,91.06184668989548,90.63400415578779,-0.42784253410767187,8.213391601928011,10.74172185174689,False
prod_familia_de_suelo,2021_2022,train,FRANCA GRUESA,547,57740.06,57567.88268350914,-172.17731649085908,-0.002981938648675791,105.55769652650822,105.24292995157063,-0.3147665749375921,8.85014728377705,11.504276506603867,False
prod_familia_de_suelo,2025_2026,external,FRANCA GRUESA,544,58083.0,57451.78756289512,-631.2124371048776,-0.010867421398772061,106.77022058823529,105.6099036082631,-1.1603169799721977,14.838743043482944,18.993315722922567,False
prod_familia_de_suelo,2024_2025,test,FRANCA GRUESA,527,54533.79,55684.64204631683,1150.8520463168315,0.02110346715892718,103.47967741935484,105.66345739339057,2.1837799740357386,14.146847849258624,17.867142219671944,False
prod_familia_de_suelo,2020_2021,train,FRANCA GRUESA,515,52993.29,53273.207023939976,279.9170239399755,0.005282122018466403,102.89959223300971,103.44312043483491,0.5435282018251865,8.368834520900563,11.164159912390621,False
prod_familia_de_suelo,2022_2023,train,,470,44232.7,44459.4663895119,226.76638951190398,0.0051266684943922485,94.11212765957447,94.59460933938702,0.48248167981254386,7.152377372004344,9.25149216511955,False
prod_familia_de_suelo,2021_2022,train,,464,43812.19,43672.529120680614,-139.6608793193882,-0.003187717375447066,94.42282327586207,94.12183000146685,-0.30099327439522666,7.829389301450484,10.532295767480191,False
prod_familia_de_suelo,2020_2021,train,FRANCA FINA/ARENOSA + ARENOSA,453,50674.15,50379.54073224329,-294.60926775671396,-0.005813797917808467,111.86346578366447,111.21311419921255,-0.6503515844519087,8.496934099121637,10.773232336950478,False
prod_familia_de_suelo,2021_2022,train,FRANCA FINA/ARENOSA + ARENOSA,419,48235.270000000004,48002.620216401156,-232.64978359884844,-0.004823229632566552,115.11997613365156,114.56472605346337,-0.5552500801881712,8.206683658308632,10.70457528836865,False
prod_familia_de_suelo,2022_2023,train,FRANCA FINA/ARENOSA + ARENOSA,403,43006.240000000005,42998.11540406179,-8.124595938214043,-0.00018891667670119597,106.71523573200994,106.69507544432206,-0.020160287687857558,7.855491373020872,10.538332420050548,False
prod_familia_de_suelo,2024_2025,test,FRANCA FINA/ARENOSA + ARENOSA,361,40468.71,41564.12299796619,1095.4129979661884,0.02706814716768062,112.10168975069251,115.13607478660994,3.0343850359174107,11.714041013152414,15.059834654157749,False
prod_familia_de_suelo,2025_2026,external,FRANCA FINA/ARENOSA + ARENOSA,323,37141.990000000005,37694.592671422,552.6026714219915,0.014878111577273902,114.9906811145511,116.70152529852011,1.7108441839690274,12.48378157390137,15.769834374638174,False
prod_familia_de_suelo,2020_2021,train,ARCILLOSA,321,31203.68,31248.350041523852,44.67004152385198,0.00143156324907357,97.20772585669782,97.34688486456028,0.13915900786246094,7.219018883075749,9.262144286084549,False
prod_familia_de_suelo,2021_2022,train,ARCILLOSA,320,30110.64,30188.521839868394,77.88183986839431,0.0025865222349440034,94.09575,94.33913074958873,0.24338074958872094,7.109929301154151,9.122425166550668,False
prod_familia_de_suelo,2024_2025,test,ARCILLOSA,311,30764.809999999998,32065.16410263678,1300.354102636782,0.04226758113041433,98.92221864951767,103.10342155188675,4.181202902369071,11.240949230431129,14.89620564313693,False
prod_familia_de_suelo,2022_2023,train,ARCILLOSA,307,29355.15,29395.45456325909,40.304563259087445,0.0013729980347260173,95.61938110749186,95.75066632983416,0.13128522234230558,7.112919060603464,9.45969020605595,False
prod_familia_de_suelo,2025_2026,external,ARCILLOSA,276,28358.230000000003,28964.178806774435,605.9488067744314,0.02136765259236671,102.74721014492755,104.94267683613926,2.195466691211705,13.215785752244134,16.830012171306773,False
prod_familia_de_suelo,2024_2025,test,,263,22192.24,24633.35953274108,2441.1195327410787,0.10999878933992596,84.38114068441065,93.6629640028178,9.281823318407158,14.907526361584038,17.72740856629403,False
prod_familia_de_suelo,2025_2026,external,,253,21861.850000000002,23347.335246774357,1485.485246774355,0.06794874389744485,86.41047430830041,92.28195749713184,5.871483188831461,13.367531327055122,16.271152374600714,False
prod_familia_de_suelo,2024_2025,test,ARENOSA,237,23281.259999999995,23864.346947665385,583.0869476653897,0.025045334645349516,98.23316455696201,100.6934470365628,2.4602824796008056,13.41643830043433,16.38919470588886,False
prod_familia_de_suelo,2022_2023,train,ARENOSA,221,21508.259999999995,21434.21287036365,-74.04712963634302,-0.003442729892438674,97.32244343891401,96.98738855368168,-0.3350548852323464,7.713124665349208,10.126460405473383,False
prod_familia_de_suelo,2020_2021,train,ARENOSA,219,21987.28,22114.587722723947,127.30772272394825,0.00579006237806351,100.39853881278539,100.97985261517785,0.5813138023924517,8.888557006130513,10.891527052949167,False
prod_familia_de_suelo,2025_2026,external,ARENOSA,212,22308.020000000004,22015.979143218363,-292.0408567816412,-0.013091294376714793,105.22650943396228,103.84895822272813,-1.3775512112341448,12.878596635353015,16.228119181445983,False
prod_familia_de_suelo,2024_2025,test,FRANCA FINA/ARCILLOSA + ARCILLOSA,203,19904.66,19840.723127240664,-63.93687275933553,-0.003212155985549893,98.05251231527093,97.73755235093924,-0.3149599643317055,12.510923235309205,15.844889771972714,False
prod_familia_de_suelo,2020_2021,train,FRANCA FINA/ARCILLOSA + ARCILLOSA,200,18641.35,18520.31250332755,-121.03749667244847,-0.006492957681307871,93.20675,92.60156251663776,-0.6051874833622584,8.085113010961123,10.37430888664665,False
prod_familia_de_suelo,2022_2023,train,MEDIAL/ESQUELETAL,191,16992.81,17110.189884223455,117.3798842234537,0.00690762058914645,88.96759162303665,89.58214599069872,0.6145543676620855,6.738177424459732,8.95457764704327,False
prod_familia_de_suelo,2022_2023,train,FRANCA FINA/ARCILLOSA + ARCILLOSA,186,15966.779999999999,16226.018343868483,259.23834386848466,0.01623610670833347,85.84290322580645,87.23665776273378,1.3937545369273356,7.496045766994583,10.035990666244032,False
prod_familia_de_suelo,2024_2025,test,MEDIAL/ESQUELETAL,186,17551.7,18224.270506592202,672.5705065922011,0.0383193939386043,94.36397849462367,97.97994896017313,3.6159704655494744,11.120055143895867,13.961305368721636,False
prod_familia_de_suelo,2021_2022,train,FRANCA FINA/ARCILLOSA + ARCILLOSA,185,16025.939999999999,16131.815851788419,105.87585178841982,0.00660652990017558,86.6267027027027,87.19900460426172,0.572301901559029,8.089300219616671,10.40876659827069,False
prod_familia_de_suelo,2020_2021,train,FRANCA FINA + FRANCA GRUESA,182,21423.119999999995,21381.98031606402,-41.13968393597679,-0.0019203404516231436,117.70945054945052,117.48340833002209,-0.22604221942847944,9.164936357735156,11.685077146876333,False
prod_familia_de_suelo,2021_2022,train,ARENOSA,181,19172.64,19206.937533896118,34.29753389611869,0.001788879043059208,105.92618784530386,106.11567698285148,0.1894891375476348,7.790169912333251,9.941384168064362,False
prod_familia_de_suelo,2021_2022,train,FRANCA FINA + FRANCA GRUESA,174,20797.980000000003,20824.668275965443,26.68827596543997,0.0012832148105460226,119.52862068965518,119.6820015860083,0.15338089635312624,8.696883213923588,10.784491515029973,False
prod_familia_de_suelo,2025_2026,external,FRANCA FINA/ARCILLOSA + ARCILLOSA,174,17041.469999999998,16477.88715027373,-563.5828497262664,-0.03307125792119263,97.93948275862067,94.70050086364213,-3.238981894978582,10.577632120983512,13.672264705959469,False
prod_familia_de_suelo,2021_2022,train,MEDIAL/ARENOSA,171,17584.07,17485.92582707011,-98.14417292988946,-0.005581425286062297,102.83081871345028,102.25687618169655,-0.5739425317537344,8.136990594809964,10.717459143760307,False
prod_familia_de_suelo,2020_2021,train,MEDIAL/ARENOSA,170,16216.689999999999,16330.299482480099,113.60948248010027,0.0070057134026796026,95.39229411764705,96.0605851910594,0.6682910734123546,7.837708969660809,9.945422511252593,False
prod_familia_de_suelo,2021_2022,train,MEDIAL/ESQUELETAL + MEDIAL/ARENOSA,166,15197.809999999998,15217.729854599038,19.919854599040264,0.0013107055950193,91.55307228915662,91.67307141324721,0.11999912409058174,6.969604292669371,9.456862267968228,False
prod_familia_de_suelo,2024_2025,test,MEDIAL/ARENOSA,165,17458.05,16398.503738796768,-1059.5462612032316,-0.06069098560281541,105.80636363636363,99.38487114422283,-6.421492492140789,11.852589782802209,15.412146965839511,False
prod_familia_de_suelo,2020_2021,train,MEDIAL/ESQUELETAL,164,15865.86,15881.411165700141,15.5511657001407,0.000980165317237181,96.74304878048781,96.83787296158623,0.09482418109841725,7.611817224745088,9.831508494625357,False
prod_familia_de_suelo,2022_2023,train,FRANCA FINA + FRANCA GRUESA,159,17870.67,18181.34541882189,310.67541882189107,0.01738465423075302,112.39415094339621,114.34808439510623,1.9539334517099918,9.758697740123434,12.176808010818283,False
prod_familia_de_suelo,2025_2026,external,MEDIAL/ESQUELETAL,159,16265.900000000003,14996.120235462895,-1269.7797645371083,-0.0780639106681529,102.30125786163524,94.31522160668487,-7.986036254950348,12.002049006844063,15.256545009778566,False
prod_familia_de_suelo,2022_2023,train,MEDIAL/ESQUELETAL + MEDIAL/ARENOSA,157,14797.98,14457.78964863519,-340.19035136481034,-0.022988972235724766,94.25464968152866,92.08783215691203,-2.166817524616625,5.582394884390221,7.19135202527821,False
prod_familia_de_suelo,2022_2023,train,MEDIAL/ARENOSA,156,14982.829999999998,14850.538163068957,-132.29183693104096,-0.008829562701508392,96.04378205128204,95.19575745557025,-0.8480245957118075,9.089037111683957,12.250747679027388,False
prod_familia_de_suelo,2021_2022,train,MEDIAL/ESQUELETAL,153,14586.849999999999,14669.084841074055,82.23484107405602,0.005637601063564514,95.33888888888887,95.87637151028794,0.5374826213990513,7.261182568175642,9.662749208393269,False
prod_familia_de_suelo,2024_2025,test,MEDIAL/ESQUELETAL + MEDIAL/ARENOSA,151,14945.59,15636.76860634114,691.17860634114,0.046246324590808394,98.97741721854305,103.55475898239166,4.577341763848603,10.53142538324192,13.16023381017438,False
prod_familia_de_suelo,2024_2025,test,FRANCA FINA + FRANCA GRUESA,149,17016.03,16695.69787587147,-320.33212412853027,-0.018825314960571313,114.20154362416106,112.05166359645281,-2.1498800277082655,11.714364118263799,14.843012026860412,False
prod_familia_de_suelo,2020_2021,train,MEDIAL/ESQUELETAL + MEDIAL/ARENOSA,144,14365.710000000001,14193.806258113706,-171.9037418862954,-0.011966254496735308,99.761875,98.56809901467851,-1.1937759853214782,5.489257270278663,7.157227966046837,False
prod_familia_de_suelo,2024_2025,test,MEDIAL/ARCILLOSA,143,13127.95,13840.62317247244,712.6731724724395,0.05428670679522999,91.80384615384615,96.7875746326744,4.9837284788282465,12.910931747075534,16.279663633372177,False
prod_familia_de_suelo,2022_2023,train,MEDIAL/ARCILLOSA,133,11726.59,11605.954165267956,-120.6358347320438,-0.010287375505756048,88.16984962406015,87.2628132726914,-0.9070363513687577,6.171381888723878,7.8364984059908,False
prod_familia_de_suelo,2025_2026,external,MEDIAL/ARENOSA,132,14551.72,13617.44156704457,-934.2784329554288,-0.06420398639854456,110.24030303030302,103.16243611397402,-7.077866916329005,13.790365565564091,17.431349992832768,False
prod_familia_de_suelo,2021_2022,train,MEDIAL/ARCILLOSA,130,12291.03,12208.774291555379,-82.25570844462163,-0.00669233647990621,94.54638461538462,93.91364839657984,-0.6327362188047659,7.821249635285141,10.881007300315936,False
prod_familia_de_suelo,2025_2026,external,MEDIAL/ARCILLOSA,130,13154.57,12477.739873847797,-676.8301261522029,-0.05145209050179541,101.189,95.98261441421383,-5.206385585786183,10.642588464909858,13.834043930971426,False
prod_familia_de_suelo,2025_2026,external,MEDIAL/ESQUELETAL + MEDIAL/ARENOSA,119,13306.099999999999,12702.431264363524,-603.6687356364746,-0.045367818942926526,111.8159663865546,106.74311986860104,-5.072846517953585,11.38186163644002,14.361653088971078,False
prod_familia_de_suelo,2020_2021,train,FRANCA FINA + FRANCA FINA/ARENOSA,116,11234.150000000001,11243.546499969201,9.396499969199795,0.000836422868592621,96.84612068965518,96.92712499973449,0.08100431007934085,9.829164974865762,13.404374153939655,False
prod_familia_de_suelo,2020_2021,train,ARENOSA + FRANCA FINA/ARENOSA,114,12761.69,12662.973271040206,-98.71672895979464,-0.0077353962492267584,111.94464912280702,111.07871290386146,-0.8659362189455697,8.243460757490048,10.764197124461242,False
prod_familia_de_suelo,2024_2025,test,ARENOSA + FRANCA FINA/ARENOSA,114,12336.81,13092.945449838766,756.1354498387664,0.061291002280068056,108.21763157894736,114.8503986827962,6.632767103848817,14.983543345482772,18.634487457699485,False
prod_familia_de_suelo,2020_2021,train,MEDIAL/ARCILLOSA,112,10057.740000000002,10003.376803019339,-54.363196980662906,-0.005405110589522388,89.80125000000001,89.31586431267267,-0.4853856873273262,7.322759943798125,9.60844018011298,False
prod_familia_de_suelo,2024_2025,test,FRANCA GRUESA + FINA/ARENOSA,111,12915.609999999999,13763.370242178298,847.7602421782994,0.06563842065363537,116.35684684684684,123.9943265061108,7.637479659263952,12.46810060922571,15.505231263679063,False
prod_familia_de_suelo,2022_2023,train,FRANCA GRUESA + FINA/ARENOSA,109,12629.96,12646.491405222088,16.531405222089234,0.0013089040046119888,115.87119266055045,116.02285692864301,0.15166426809253347,7.2934265600405155,9.241055090012866,False
prod_familia_de_suelo,2025_2026,external,ARENOSA + FRANCA FINA/ARENOSA,108,12427.45,12528.88063993309,101.43063993308897,0.008161822411925935,115.06898148148149,116.00815407345453,0.9391725919730547,11.625285244064962,14.876064568991696,False
prod_familia_de_suelo,2022_2023,train,ARENOSA + FRANCA FINA/ARENOSA,107,12177.789999999999,12166.509828104996,-11.28017189500315,-0.0009262905580571804,113.8111214953271,113.70569932808408,-0.10542216724303317,7.594333249497837,9.69823283540707,False
prod_familia_de_suelo,2025_2026,external,FRANCA FINA + FRANCA FINA/ARENOSA,104,11841.5,11028.918912774112,-812.581087225888,-0.06862146579621568,113.86057692307692,106.04729723821262,-7.813279684864309,14.473088855852243,18.865303073404394,False
prod_familia_de_suelo,2021_2022,train,FRANCA GRUESA + FINA/ARENOSA,102,12480.37,12569.337772040806,88.96777204080536,0.007128616542683057,122.35656862745098,123.22880168667457,0.8722330592235782,7.098043939558656,8.605247720200769,False
prod_familia_de_suelo,2021_2022,train,ARENOSA + FRANCA FINA/ARENOSA,99,11650.93,11600.3845655666,-50.54543443340117,-0.004338317579231973,117.68616161616161,117.17560167238989,-0.5105599437717216,8.293292897916245,10.43693019429319,False
prod_familia_de_suelo,2021_2022,train,MEDIAL/FRANCA,98,8438.400000000001,8337.657277957112,-100.742722042889,-0.011938604716876302,86.1061224489796,85.07813548935829,-1.0279869596212983,7.581373002139856,8.998631491167423,False
prod_familia_de_suelo,2020_2021,train,FRANCA GRUESA + FINA/ARENOSA,97,11455.72,11471.259299264977,15.539299264977672,0.0013564663997529332,118.100206185567,118.26040514706162,0.16019896149459245,7.038747472865826,8.823928588378742,False
prod_familia_de_suelo,2024_2025,test,FRANCA FINA + FRANCA FINA/ARENOSA,97,10293.48,10005.029707471649,-288.4502925283505,-0.028022621361128645,106.11835051546392,103.14463615950153,-2.9737143559623784,12.606921934462054,16.479185920417844,False
prod_familia_de_suelo,2021_2022,train,FRANCA FINA + FRANCA FINA/ARENOSA,96,10084.289999999999,10084.557200198064,0.2672001980645291,2.6496679296661356e-05,105.0446875,105.0474708353965,0.0027833353964964815,10.063272920624241,12.932993270941866,False
prod_familia_de_suelo,2022_2023,train,FRANCA FINA + FRANCA FINA/ARENOSA,96,9706.460000000001,9618.098727295079,-88.36127270492216,-0.00910334691586038,101.10895833333335,100.18852840932374,-0.9204299240095958,10.600943248264363,14.283714843495481,False
prod_familia_de_suelo,2024_2025,test,MEDIAL/FRANCA,95,8214.710000000001,8912.663491138788,697.9534911387873,0.08496386252695314,86.47063157894738,93.81751043303987,7.346878854092518,13.622107864421073,16.105431972236566,False
prod_familia_de_suelo,2022_2023,train,MEDIAL/FRANCA,93,7251.68,7246.291934410826,-5.388065589174403,-0.0007430092873891846,77.97505376344087,77.91711757430996,-0.057936189130904286,6.400557286316603,8.041560478651679,False
prod_familia_de_suelo,2025_2026,external,MEDIAL/FRANCA,90,8342.029999999999,8244.333170397831,-97.69682960216778,-0.011711397537789698,92.68922222222221,91.60370189330924,-1.0855203289130013,9.317646915038921,12.270654630939363,False
prod_familia_de_suelo,2025_2026,external,FRANCA FINA + FRANCA GRUESA,88,10818.3,10412.834315321948,-405.4656846780508,-0.03747961183162335,122.93522727272726,118.32766267411306,-4.607564598614214,12.42737648087296,15.062791457775468,False
prod_familia_de_suelo,2025_2026,external,FRANCA GRUESA + FINA/ARENOSA,85,10594.16,10610.450105073163,16.29010507316343,0.0015376495232433181,124.63717647058823,124.82882476556662,0.1916482949783848,10.292844259855892,13.39019481747274,False
prod_familia_de_suelo,2024_2025,test,FRANCA GRUESA + FRANCA FINA/ARENOSA,80,9312.28,9558.438627328727,246.15862732872665,0.026433765665199782,116.40350000000001,119.48048284160909,3.07698284160908,11.984740625113279,15.44908992702655,False
prod_familia_de_suelo,2022_2023,train,FRANCA FINA,76,7867.89,8039.6679338098,171.77793380979983,0.021832782843913656,103.52486842105263,105.78510439223422,2.260235971181581,10.00287817232912,12.075667559624328,False
prod_familia_de_suelo,2021_2022,train,FRANCA GRUESA + FRANCA FINA/ARENOSA,74,7903.919999999999,7986.295703372989,82.37570337298985,0.010422132735780455,106.80972972972972,107.9229149104458,1.1131851807160669,7.924406041123941,9.536695554782609,False
prod_familia_de_suelo,2025_2026,external,FRANCA FINA,74,7743.23,7909.215806276718,165.985806276718,0.021436248991275993,104.63824324324324,106.8812946794151,2.243051436171875,16.899884084488043,21.68920766140677,False
prod_familia_de_suelo,2025_2026,external,FRANCA GRUESA + FRANCA FINA/ARENOSA,73,8588.980000000001,8716.683947568168,127.70394756816677,0.014868348461419953,117.65726027397262,119.40662941874203,1.7493691447694515,11.238603565470529,14.39043138639586,False
prod_familia_de_suelo,2020_2021,train,MEDIAL/FRANCA,69,6054.919999999999,6149.212254048715,94.29225404871613,0.015572832349348323,87.75246376811593,89.11901817461906,1.366554406503108,6.5744663815287785,8.078648407963879,False
prod_familia_de_suelo,2024_2025,test,FRANCA FINA,66,6986.35,7216.777736586783,230.42773658678288,0.032982564083789516,105.85378787878788,109.34511722101186,3.491329342224009,16.72329025484803,21.06614788237751,False
prod_familia_de_suelo,2020_2021,train,FRANCA GRUESA + ARENOSA,65,7825.280000000001,7818.290852298643,-6.989147701357979,-0.000893149855514177,120.38892307692309,120.28139772767143,-0.1075253492516487,7.065149924026319,9.06734063844384,False
prod_familia_de_suelo,2020_2021,train,FRANCA GRUESA + FRANCA FINA/ARENOSA,63,6748.459999999999,6872.423176814016,123.96317681401706,0.01836910596106624,107.11841269841268,109.08608217165106,1.9676694732383369,9.855149656563748,12.684706927044122,False
prod_familia_de_suelo,2022_2023,train,FRANCA GRUESA + FRANCA FINA/ARENOSA,63,6981.11,7028.065746585139,46.95574658513942,0.006726114698828614,110.81126984126983,111.55659915214507,0.7453293108752077,7.160100597246117,8.443078852915756,False
prod_familia_de_suelo,2021_2022,train,FRANCA FINA,62,6941.43,7045.654894904538,104.2248949045379,0.015014902535145914,111.95854838709678,113.63959507910546,1.6810466920086715,7.839545954568399,9.80663953038481,False
prod_familia_de_suelo,2020_2021,train,FRANCA FINA/ARCILLOSA,60,5410.909999999999,5458.583330684263,47.67333068426433,0.008810593908282403,90.18183333333332,90.97638884473773,0.7945555114043863,7.313294478395948,9.216395234929859,False
prod_familia_de_suelo,2021_2022,train,FRANCA GRUESA + ARENOSA,57,6899.47,6940.562883539925,41.092883539924514,0.005955947853954653,121.04333333333334,121.76426111473552,0.7209277814021945,6.560068906716707,8.188848505957942,False
prod_familia_de_suelo,2025_2026,external,FRANCA GRUESA + ARENOSA,57,7115.799999999999,6860.141641131698,-255.65835886830155,-0.0359282665151215,124.83859649122806,120.3533621251175,-4.485234366110571,13.359693110191259,16.815263924003457,False
prod_familia_de_suelo,2020_2021,train,FRANCA FINA,54,5816.259999999999,5799.133385475072,-17.12661452492739,-0.002944609512801593,107.7085185185185,107.39135899027912,-0.3171595282394135,8.585094639441856,10.29766231811213,False
prod_familia_de_suelo,2022_2023,train,FRANCA FINA/ARCILLOSA,54,4287.7,4287.681514506463,-0.01848549353690032,-4.311284263567955e-06,79.40185185185184,79.40150952789746,-0.00034232395439888534,7.058482921488316,9.90970201816259,False
prod_familia_de_suelo,2020_2021,train,MEDIAL/ESQUELETAL FRANCA,53,4300.780000000001,4325.4525829332015,24.67258293320083,0.005736769361185837,81.1467924528302,81.6123128855321,0.4655204327019228,8.101405546318247,9.889400225941841,False
prod_familia_de_suelo,2024_2025,test,FRANCA GRUESA + ARENOSA,51,6113.700000000001,6086.014635399359,-27.68536460064206,-0.004528413988360904,119.8764705882353,119.33362030194822,-0.5428502862871003,11.959983087356084,16.19196981447154,False
prod_familia_de_suelo,2025_2026,external,FRANCA FINA/ARCILLOSA,51,4438.179999999999,4263.7897682359835,-174.39023176401588,-0.039293185892418946,87.02313725490195,83.6037209458036,-3.419416309098375,10.421508940988915,13.587175277622325,False
prod_familia_de_suelo,2024_2025,test,FRANCA GRUESA + FRANCA FINA,50,5239.929999999999,4912.528933242482,-327.4010667575176,-0.062481954292808804,104.7986,98.25057866484964,-6.548021335150354,12.59569771761155,16.2026579884167,False
prod_familia_de_suelo,2022_2023,train,FRANCA GRUESA + ARENOSA,49,5781.0599999999995,5671.228111541753,-109.8318884582468,-0.01899857265938198,117.9808163265306,115.7393492151378,-2.241467111392801,6.509883370978445,8.49694108521244,False
prod_familia_de_suelo,2024_2025,test,FRANCA FINA/ARCILLOSA,46,4182.03,4030.067692539931,-151.9623074600686,-0.036336972106864034,90.91369565217391,87.61016722912893,-3.3035284230449697,9.877029509140257,13.439951972114866,False
prod_familia_de_suelo,2025_2026,external,FRANCA GRUESA + FRANCA FINA,44,4673.88,4191.521415249599,-482.35858475040095,-0.10320303147500598,106.22454545454546,95.2618503465818,-10.96269510796364,14.366157307245851,17.335731440086928,False
prod_familia_de_suelo,2020_2021,train,FRANCA GRUESA + FRANCA FINA,42,3926.77,3914.2644730550956,-12.505526944904432,-0.003184685363518727,93.49452380952381,93.19677316797846,-0.2977506415453511,9.4454287351168,12.155688262839792,False
prod_familia_de_suelo,2022_2023,train,FINA + FRANCA GRUESA,42,4566.389999999999,4559.893236346721,-6.496763653278322,-0.0014227351700749,108.72357142857142,108.56888657968383,-0.15468484888759498,6.629975737105824,8.799127606656015,False
prod_familia_de_suelo,2020_2021,train,FRANCA FINA/ARENOSA,41,4466.62,4423.19691252575,-43.42308747424977,-0.009721688317844314,108.94195121951219,107.8828515250183,-1.0590996944938804,7.782048083183853,10.102173869252852,False
prod_familia_de_suelo,2021_2022,train,FRANCA GRUESA + FRANCA FINA,41,3857.2199999999993,3771.9624137313817,-85.25758626861762,-0.022103376594702306,94.07853658536584,91.99908326174102,-2.0794533236248323,11.012136979536205,13.869430945246457,False
prod_familia_de_suelo,2022_2023,train,MEDIAL/ESQUELETAL FRANCA,41,3283.65,3229.1910448258204,-54.458955174179664,-0.01658488425203041,80.0890243902439,78.76075719087368,-1.328267199370229,10.953792291934251,13.24919091627504,False
prod_familia_de_suelo,2020_2021,train,FRANCA GRUESA + MEDIAL,40,4392.28,4531.961837264715,139.6818372647149,0.031801669580426316,109.80699999999999,113.29904593161787,3.492045931617885,8.388497164744825,10.813632646770268,False
prod_familia_de_suelo,2024_2025,test,FINA + FRANCA GRUESA,40,3922.88,4388.743317037867,465.8633170378671,0.1187554340275173,98.072,109.71858292594668,11.646582925946685,14.616305224427407,17.978786400905506,False
prod_familia_de_suelo,2021_2022,train,MEDIAL/ESQUELETAL FRANCA,39,3204.709999999999,3151.346989957334,-53.36301004266534,-0.016651431812134437,82.17205128205126,80.80376897326497,-1.3682823087863132,8.414929601966593,11.117960639606894,False
prod_familia_de_suelo,2020_2021,train,FINA + FRANCA GRUESA,38,4054.06,4013.5244025383026,-40.53559746169731,-0.009998766042361808,106.68578947368421,105.61906322469217,-1.0667262489920408,7.347432255954531,8.961816187449102,False
prod_familia_de_suelo,2021_2022,train,FRANCA GRUESA + FRANCA GRUESA,37,3756.4100000000003,3750.913898496721,-5.496101503279533,-0.001463126097332169,101.5245945945946,101.37605131072219,-0.14854328387242155,7.965283185726556,10.360560114092035,False
prod_familia_de_suelo,2025_2026,external,FINA + FRANCA GRUESA,37,4464.32,4463.669487872109,-0.650512127890579,-0.0001457135975670604,120.65729729729729,120.63971588843538,-0.01758140886191023,10.786594911214328,14.394891169357582,False
prod_familia_de_suelo,2025_2026,external,FRANCA GRUESA + MEDIAL,37,4463.28,4137.305865268981,-325.97413473101915,-0.0730346594278242,120.62918918918918,111.81907743970218,-8.810111749486985,13.830956294246285,17.283647457997514,False
prod_familia_de_suelo,2021_2022,train,FRANCA FINA/ARCILLOSA,36,2818.9400000000005,2872.1133982391143,53.173398239113794,0.018862905290326783,78.3038888888889,79.78092772886428,1.4770388399753922,6.756723656633931,9.432589331460191,False
prod_familia_de_suelo,2021_2022,train,FRANCA FINA/ARENOSA,36,4037.4699999999993,3994.5072787527442,-42.962721247255104,-0.010641000737406125,112.15194444444442,110.95853552090956,-1.1934089235348866,9.641563159759672,12.413710681576886,False
prod_familia_de_suelo,2022_2023,train,MEDIAL + MEDIAL/ESQUELETAL,36,3180.3900000000003,3193.830584107736,13.440584107735503,0.004226080483128013,88.34416666666668,88.71751622521488,0.3733495585482246,7.559697977772334,9.610154405346155,False
prod_familia_de_suelo,2021_2022,train,FRANCA GRUESA + MEDIAL,35,3805.77,3886.32947896774,80.55947896774023,0.021167721372479218,108.73628571428571,111.037985113364,2.3016993990782906,7.268254096766965,9.110180496638899,False
prod_familia_de_suelo,2022_2023,train,FRANCA GRUESA + FRANCA FINA,35,2815.6900000000005,2759.0589664589475,-56.63103354105306,-0.020112666359241624,80.44828571428573,78.83025618454135,-1.6180295297443634,8.633022786604487,10.778172031011009,False
prod_familia_de_suelo,2025_2026,external,MEDIAL/ESQUELETAL FRANCA,34,3342.3199999999997,3056.841920158122,-285.47807984187784,-0.08541315009989404,98.3035294117647,89.90711529876829,-8.396414112996412,10.160835310419513,14.75048829140114,False
prod_familia_de_suelo,2021_2022,train,FINA + FRANCA GRUESA,32,3457.8199999999997,3480.3703685276087,22.550368527608953,0.00652155650890126,108.05687499999999,108.76157401648777,0.7046990164877782,7.8179614246762785,10.345399722909985,False
prod_familia_de_suelo,2024_2025,test,FRANCA FINA/ARENOSA,32,3718.35,3604.6163369549927,-113.73366304500723,-0.030587132207836067,116.1984375,112.64426052984352,-3.554176970156485,12.277778317161104,16.47928070748578,False
prod_familia_de_suelo,2024_2025,test,FRANCA GRUESA + MEDIAL,32,3402.4,3573.651973469662,171.25197346966206,0.050332698527410666,106.325,111.67662417092694,5.351624170926941,10.111216710324804,12.914419294286267,False
prod_familia_de_suelo,2024_2025,test,MEDIAL/ESQUELETAL FRANCA,32,2821.1800000000003,2930.386217609427,109.20621760942686,0.03870941152617942,88.16187500000001,91.5745693002946,3.412694300294592,10.47740470095788,12.673427794060412,False
prod_familia_de_suelo,2025_2026,external,MEDIAL + MEDIAL/ESQUELETAL,32,3146.85,2795.3123400021896,-351.53765999781035,-0.11171096811027229,98.3390625,87.35351062506842,-10.98555187493157,13.84582965623403,17.107639817371513,False
prod_familia_de_suelo,2020_2021,train,MEDIAL + MEDIAL/ESQUELETAL,30,2755.6700000000005,2838.1316706210505,82.46167062104996,0.02992436344738301,91.85566666666668,94.60438902070169,2.748722354034995,6.4899290001467005,8.046476772878934,False
prod_familia_de_suelo,2024_2025,test,MEDIAL + MEDIAL/ESQUELETAL,29,2710.9999999999995,2752.6991818322276,41.69918183222808,0.015381476146155693,93.48275862068964,94.92066144249061,1.4379028218009853,12.899756655421287,16.86180973967599,False
prod_familia_de_suelo,2024_2025,test,ARENOSA + ARENOSA,28,3642.7100000000005,3459.0832308860668,-183.62676911393373,-0.050409384527984304,130.09678571428574,123.53868681735953,-6.558098896926178,10.675622950545874,13.651629796686779,False
prod_familia_de_suelo,2022_2023,train,FRANCA GRUESA + MEDIAL,27,2900.2599999999998,2951.014811797271,50.75481179727103,0.01750009026682816,107.41703703703703,109.2968448813804,1.8798078443433615,10.305468402328179,12.014914334518602,False
prod_familia_de_suelo,2025_2026,external,ARENOSA + ARENOSA,27,3393.23,3214.3250979990753,-178.90490200092472,-0.05272407175491338,125.67518518518519,119.04907770366945,-6.626107481515738,10.339874124736813,12.359613694739979,False
prod_familia_de_suelo,2021_2022,train,MEDIAL + MEDIAL/ESQUELETAL,25,2019.6,2102.681827184853,83.08182718485295,0.0411377635100282,80.78399999999999,84.10727308739412,3.323273087394112,8.29854773745696,10.37789720795983,False
prod_familia_de_suelo,2022_2023,train,FRANCA FINA/ARENOSA,24,2629.96,2604.688081984659,-25.271918015340816,-0.00960924045055469,109.58166666666666,108.52867008269413,-1.052996583972537,9.332480920901807,12.238426141502938,False
prod_familia_de_suelo,2024_2025,test,FRANCA GRUESA + FRANCA GRUESA,23,2892.2999999999997,2530.1276057388977,-362.172394261102,-0.12521951189748715,125.75217391304346,110.00554807560425,-15.746625837439227,19.821308523491464,22.782922619030835,False
prod_familia_de_suelo,2021_2022,train,MEDIAL + ARCILLOSA,22,2115.5699999999997,2170.273645917647,54.703645917647464,0.02585763927340975,96.16227272727271,98.64880208716578,2.486529359893051,11.267367261319805,14.859664781711706,False
prod_familia_de_suelo,2024_2025,test,FRANCA FINA + FRANCA FINA/ARCILLOSA,22,2334.38,2409.5767441063667,75.19674410636662,0.03221272633691456,106.10818181818182,109.52621564119849,3.418033823016654,7.767046222069573,8.907682799677563,False
prod_familia_de_suelo,2022_2023,train,MEDIAL + ARCILLOSA,21,1992.47,1936.5553909146652,-55.91460908533486,-0.02806296159306532,94.87952380952382,92.21692337688881,-2.6626004326349877,10.247752524235143,13.91819100239715,False
prod_familia_de_suelo,2025_2026,external,FRANCA FINA/ARENOSA,21,2589.8400000000006,2490.6858927230946,-99.15410727690596,-0.03828580424926093,123.32571428571431,118.60409012967118,-4.7216241560431245,11.727669362480592,13.727676033871393,False
prod_familia_de_suelo,2025_2026,external,MEDIAL + ARCILLOSA,21,2036.29,2094.914544632047,58.62454463204722,0.028789879944431895,96.96619047619048,99.75783545866891,2.7916449824784504,16.412106897358154,20.28100880055644,False
prod_familia_de_suelo,2020_2021,train,FRANCA GRUESA + FRANCA GRUESA,20,2367.4200000000005,2341.8858277344116,-25.53417226558895,-0.010785653692876188,118.37100000000002,117.09429138672058,-1.2767086132794148,5.708221997343311,6.9479901599783584,False
prod_familia_de_suelo,2020_2021,train,MEDIAL + ARCILLOSA,20,1933.42,1908.5138736612878,-24.906126338712284,-0.012881901676155353,96.671,95.4256936830644,-1.2453063169356071,7.180570324024157,8.822870013685725,False
prod_familia_de_suelo,2022_2023,train,FRANCA FINA + FRANCA FINA/ARCILLOSA,20,1984.98,2017.2563545506341,32.276354550634096,0.016260292068753388,99.249,100.8628177275317,1.6138177275317063,8.393180615321649,10.098594899543203,False
prod_familia_de_suelo,2024_2025,test,MEDIAL + ARCILLOSA,20,2032.6900000000003,2043.4172768323365,10.727276832336202,0.005277379645856574,101.63450000000002,102.17086384161682,0.5363638416168283,7.015082386261305,9.930765228387605,False
prod_familia_de_suelo,2021_2022,train,FRANCA FINA + FRANCA FINA/ARCILLOSA,17,1742.7,1776.7307435353832,34.03074353538318,0.019527597139716062,102.51176470588236,104.51357314914019,2.001808443257832,6.596781842988621,8.799780897049079,False
prod_familia_de_suelo,2025_2026,external,FRANCA FINA + FRANCA FINA/ARCILLOSA,15,1865.9499999999998,1620.5112614216982,-245.43873857830158,-0.13153553877558435,124.39666666666666,108.03408409477989,-16.362582571886794,16.362582571886794,17.845152924560953,False
prod_familia_de_suelo,2022_2023,train,FRANCA GRUESA + FRANCA GRUESA,14,1590.94,1554.10428993211,-36.83571006788998,-0.023153425061843928,113.63857142857144,111.007449280865,-2.631122147706429,6.954982771078215,8.962885176715925,False
prod_familia_de_suelo,2020_2021,train,ARENOSA + ARENOSA,13,1297.17,1363.7372184174567,66.56721841745662,0.05131726637021872,99.7823076923077,104.90286295518898,5.120555262881289,6.099702738233315,7.380146623104003,False
prod_familia_de_suelo,2021_2022,train,MEDIAL/ESQUELETAL FRANCA + MEDIAL,13,698.5000000000001,727.9492847648056,29.449284764805498,0.04216075127388045,53.73076923076924,55.99609882806197,2.2653295972927308,6.383025583015748,9.32633563858117,False
prod_familia_de_suelo,2024_2025,test,MEDIAL/ESQUELETAL FRANCA + MEDIAL,13,917.0400000000001,1054.4258679035406,137.38586790354054,0.14981447690781266,70.54153846153847,81.1096821464262,10.568143684887742,13.111021527514085,15.077408228713855,False
prod_familia_de_suelo,2025_2026,external,FRANCA GRUESA + FRANCA GRUESA,13,1470.77,1472.2140139291764,1.4440139291764353,0.0009818081203563,113.13615384615385,113.24723184070588,0.11107799455203021,5.981144871265224,7.635058315993794,False
prod_familia_de_suelo,2020_2021,train,FRANCA FINA + FRANCA FINA/ARCILLOSA,12,1299.46,1288.6656777150695,-10.794322284930558,-0.008306775341242176,108.28833333333334,107.3888064762558,-0.8995268570775337,7.248412569345093,8.805104318993392,False
prod_familia_de_suelo,2020_2021,train,MEDIAL/ARCILLOSA + MEDIAL,11,1156.92,1123.424929686356,-33.495070313643964,-0.028951932989008715,105.17454545454547,102.129539062396,-3.0450063921494435,6.235126408607243,7.911213118536188,False
prod_familia_de_suelo,2022_2023,train,ARENOSA + ARENOSA,11,1339.5900000000001,1316.35162513263,-23.238374867370112,-0.017347378576557087,121.7809090909091,119.66832955751183,-2.1125795333972714,4.907476404215612,6.304712147019747,False
prod_familia_de_suelo,2022_2023,train,MEDIAL/ARCILLOSA + MEDIAL,11,999.5099999999999,979.5960954437566,-19.913904556243324,-0.019923667153148368,90.86454545454545,89.05419049488695,-1.8103549596584931,7.001138988897037,9.073007159938657,False
prod_familia_de_suelo,2020_2021,train,MEDIAL/ESQUELETAL FRANCA + MEDIAL,10,534.79,568.761174314784,33.97117431478398,0.06352245613190968,53.479,56.87611743147839,3.397117431478393,7.408804945944544,8.665005526548411,False
prod_familia_de_suelo,2024_2025,test,MEDIAL/ARCILLOSA + MEDIAL,10,1006.44,939.7228289912654,-66.71717100873468,-0.06629026172323703,100.644,93.97228289912654,-6.6717171008734555,14.083098460977663,18.57296929251475,False
prod_familia_de_suelo,2021_2022,train,ARENOSA + ARENOSA,9,1208.47,1175.316691080938,-33.153308919062056,-0.027434118281018192,134.27444444444444,130.59074345343754,-3.6837009910069187,6.472928349996922,7.71794285228361,False
prod_familia_de_suelo,2022_2023,train,MEDIAL/ESQUELETAL FRANCA + MEDIAL,9,488.18000000000006,538.1013069240539,49.92130692405385,0.10226004122261019,54.24222222222223,59.78903410267266,5.5468118804504245,6.700166247372725,8.853383959328811,False
prod_familia_de_suelo,2025_2026,external,MEDIAL/ARCILLOSA + MEDIAL,9,1008.16,798.6744438576856,-209.4855561423144,-0.20778998982533964,112.01777777777778,88.74160487307617,-23.276172904701593,23.821105546096145,31.02995441416575,False
prod_familia_de_suelo,2020_2021,train,FRANCA FINA/ARCILLOSA + FRANCA FINA,8,668.88,649.133897617012,-19.746102382987942,-0.029521143378465408,83.61,81.1417372021265,-2.4682627978734946,9.690718071445277,12.11594376545753,False
prod_familia_de_suelo,2022_2023,train,FRANCA FINA/ARCILLOSA + FRANCA FINA,8,606.24,577.030994525295,-29.20900547470501,-0.04818059757638066,75.78,72.12887431566188,-3.6511256843381306,10.43545740610465,13.252512733698207,False
prod_familia_de_suelo,2025_2026,external,FRANCA GRUESA + MEDIAL/FRANCA,8,845.81,809.1925447270701,-36.617455272929874,-0.04329276701969695,105.72625,101.14906809088376,-4.577181909116241,11.104076682499041,14.408658296044674,False
prod_familia_de_suelo,2021_2022,train,FRANCA GRUESA + MEDIAL/FRANCA,7,680.66,720.7753378820371,40.115337882037124,0.05893594141280099,97.23714285714286,102.96790541171958,5.730762554576736,7.498611975260088,8.20764909572906,False
prod_familia_de_suelo,2024_2025,test,FRANCA FINA/ESQUELETAL FRANCA,7,721.26,669.2649826322122,-51.995017367787796,-0.07208914589439008,103.03714285714285,95.60928323317317,-7.427859623969695,7.940155168759351,9.108888322631556,False
prod_familia_de_suelo,2025_2026,external,MEDIAL/ESQUELETAL FRANCA + MEDIAL,7,598.6800000000001,571.2053707855966,-27.47462921440342,-0.04589201111512564,85.5257142857143,81.60076725508523,-3.924947030629054,7.124419511619479,9.173310158081826,False
prod_familia_de_suelo,2020_2021,train,FRANCA GRUESA + MEDIAL/FRANCA,6,626.1899999999999,649.5649760818397,23.374976081839804,0.037328887529088306,104.365,108.2608293469733,3.8958293469732888,5.360522524467524,6.457519932719431,False
prod_familia_de_suelo,2021_2022,train,MEDIAL/ARCILLOSA + MEDIAL,6,553.5699999999999,528.9258264738991,-24.64417352610087,-0.0445186219016581,92.26166666666666,88.1543044123165,-4.1073622543501545,6.010503979172147,7.493495226322556,False
prod_familia_de_suelo,2024_2025,test,FRANCA GRUESA + MEDIAL/FRANCA,6,640.99,636.4259133303906,-4.5640866696094236,-0.007120371097223706,106.83166666666666,106.07098555506509,-0.7606811116015612,19.543322474637353,26.892855813262496,False
prod_familia_de_suelo,2025_2026,external,FRANCA FINA/ESQUELETAL FRANCA,6,705.77,584.7332578484019,-121.0367421515981,-0.17149601449707144,117.62833333333333,97.45554297473365,-20.172790358599688,20.172790358599688,21.471514320492208,False
prod_familia_de_suelo,2024_2025,test,FRANCA FINA/ARCILLOSA + FRANCA FINA,5,451.58000000000004,404.9018683613433,-46.67813163865674,-0.10336625102674328,90.316,80.98037367226866,-9.335626327731337,12.977992646784765,13.866892426091644,False
prod_familia_de_suelo,2025_2026,external,FRANCA FINA/ARCILLOSA + FRANCA FINA,5,537.54,431.78406720817856,-105.75593279182141,-0.19674058263909927,107.508,86.35681344163571,-21.151186558364284,22.273410358546933,26.334637693517113,False
prod_familia_de_suelo,2021_2022,train,FRANCA FINA/ARCILLOSA + FRANCA FINA,4,323.08,335.4478788439161,12.367878843916117,0.03828116517245301,80.77,83.86196971097903,3.0919697109790167,4.668070476169108,5.588108783852527,False
prod_familia_de_suelo,2021_2022,train,FRANCA FINA/ARENOSA + FRANCA GRUESA,2,204.88,189.8417858367097,-15.038214163290291,-0.07340010817693426,102.44,94.92089291835485,-7.519107081645146,7.519107081645146,9.408062498206627,False
prod_familia_de_suelo,2022_2023,train,FRANCA GRUESA + MEDIAL/FRANCA,2,241.60000000000002,217.45696473104903,-24.143035268950996,-0.09992978174234683,120.80000000000001,108.72848236552451,-12.071517634475484,12.071517634475484,14.324069140431753,False
prod_familia_de_suelo,2020_2021,train,FRANCA FINA/ARENOSA + FRANCA GRUESA,1,141.0,141.00215125716,0.002151257159994202,1.5257142978682284e-05,141.0,141.00215125716,0.0021512571599942,0.0021512571599942,0.0021512571599942,False
prod_familia_de_suelo,2022_2023,train,FRANCA FINA/ARENOSA + FRANCA GRUESA,1,145.77,139.08541375426313,-6.684586245736881,-0.04585707790174165,145.77,139.08541375426313,-6.684586245736881,6.684586245736881,6.684586245736881,False
prod_grupo_de_humedad,2020_2021,train,,1747,169340.44,169436.68005460582,96.24005460581975,0.0005683229275052063,96.93213508872353,96.98722384350648,0.05508875478295126,8.3167145080882,10.816135952170068,False
prod_grupo_de_humedad,2022_2023,train,2.0,1696,152102.25,151842.58068348936,-259.6693165106408,-0.001707202335998585,89.68293042452831,89.52982351620835,-0.15310690831995188,7.088971600222991,9.324072422615096,False
prod_grupo_de_humedad,2022_2023,train,,1686,165972.59999999998,166103.07052265567,130.470522655698,0.000786096757270164,98.44163701067615,98.5190216623106,0.07738465163445377,7.7662233487534085,9.989959763365032,False
prod_grupo_de_humedad,2020_2021,train,2.0,1666,155844.49,155353.8796287786,-490.6103712213808,-0.0031480764653365723,93.54411164465786,93.24962762831849,-0.29448401633935456,7.682255260481354,9.951923822360518,False
prod_grupo_de_humedad,2024_2025,test,,1666,166060.4,171805.20561664185,5744.805616641854,0.034594675290688534,99.67611044417767,103.1243731192328,3.448262675055129,13.985575826832488,17.888757550882445,False
prod_grupo_de_humedad,2024_2025,test,2.0,1648,158046.97,162115.75540537213,4068.785405372124,0.025744153180362293,95.90228762135922,98.37121080423066,2.468923182871443,12.00532864495739,15.273679330012145,False
prod_grupo_de_humedad,2021_2022,train,2.0,1634,149923.04,149814.22544862743,-108.8145513725758,-0.0007258027276699819,91.7521664626683,91.68557248998007,-0.06659397268821401,7.744725596857401,10.11969864478913,False
prod_grupo_de_humedad,2021_2022,train,,1609,162292.45,162553.7416900369,261.2916900368873,0.0016100052099582408,100.86541330018646,101.02780714110435,0.16239384091789205,8.25796194746546,10.610367763166053,False
prod_grupo_de_humedad,2025_2026,external,2.0,1577,160386.16999999998,153159.75215805921,-7226.417841940769,-0.045056365158796234,101.70334178820545,97.1209588827262,-4.582382905479249,12.087830766885066,15.81620945857445,False
prod_grupo_de_humedad,2025_2026,external,,1577,167036.21000000002,166968.69760896318,-67.51239103684202,-0.00040417817811384734,105.92023462270134,105.87742397524615,-0.04281064745516743,13.676500806309365,17.900217309625564,False
prod_grupo_de_humedad,2024_2025,test,3.0,1260,130148.37000000001,132079.41011848388,1931.0401184838702,0.014837220923196118,103.29235714285716,104.8249286654634,1.5325715226062486,12.909866076431946,16.47692503095273,False
prod_grupo_de_humedad,2022_2023,train,3.0,1222,120884.2,121041.8086891889,157.608689188899,0.0013037989182118012,98.92324058919803,99.05221660326424,0.12897601406619313,8.184621399667844,10.830297535746004,False
prod_grupo_de_humedad,2020_2021,train,3.0,1209,120177.04,120704.24163507244,527.2016350724443,0.0043868748562324745,99.4020181968569,99.83808241114346,0.4360642142865482,7.949572694192862,10.373245601961727,False
prod_grupo_de_humedad,2021_2022,train,3.0,1203,121929.77,122080.74974475693,150.979744756929,0.0012382516981449977,101.35475477971738,101.48025747693843,0.1255026972210591,8.053031248929054,10.434760439610267,False
prod_grupo_de_humedad,2025_2026,external,3.0,1115,122349.34,117290.9738731827,-5058.366126817302,-0.04134363231397327,109.73034977578475,105.19369854097103,-4.536651234813715,14.117108556180467,17.92883132718795,False
prod_grupo_de_humedad,2021_2022,train,4.0,939,102433.77,102185.4255311573,-248.3444688426971,-0.002424439409412512,109.08814696485624,108.82366936225485,-0.26447760260137626,8.183365500099208,10.549079776565378,False
prod_grupo_de_humedad,2022_2023,train,4.0,933,96318.86,96159.85965325843,-159.00034674156632,-0.0016507706459728273,103.23564844587352,103.06523006780111,-0.17041837807241667,8.239355526595979,10.87653038572963,False
prod_grupo_de_humedad,2024_2025,test,4.0,929,98761.65,102333.52567152854,3571.8756715285417,0.03616662612996585,106.30963401506996,110.15449480250649,3.8448607874365317,13.33096256502046,16.65579445888629,False
prod_grupo_de_humedad,2020_2021,train,4.0,906,95242.28,95644.83048460801,402.5504846080148,0.004226594371827458,105.12392935982339,105.56824556800001,0.44431620817659734,8.1700017632442,10.65060552883006,False
prod_grupo_de_humedad,2025_2026,external,4.0,823,87844.53000000001,90458.6791048401,2614.149104840093,0.02975881486121097,106.73697448359661,109.91334034609976,3.1763658625031623,13.49613529504154,17.168889455337453,False
prod_grupo_de_humedad,2020_2021,train,5.0,628,69805.54000000001,69660.46368092397,-145.07631907603354,-0.002078292340064034,111.1553184713376,110.92430522440124,-0.23101324693632977,8.78098303251076,11.002660058146088,False
prod_grupo_de_humedad,2021_2022,train,5.0,539,62661.72,62540.85975208104,-120.86024791895761,-0.0019287732274019546,116.25551020408163,116.03127968846205,-0.2242305156195859,8.028326623056225,10.420044135600612,False
prod_grupo_de_humedad,2022_2023,train,5.0,531,58104.630000000005,58209.92270669948,105.29270669947437,0.0018121224883365465,109.42491525423729,109.62320660395382,0.19829134971654477,7.712152676459761,10.159230509393105,False
prod_grupo_de_humedad,2024_2025,test,5.0,525,57439.92999999999,58334.14215717021,894.2121571702155,0.015567779368293374,109.40939047619047,111.11265172794326,1.7032612517527779,13.550183715602484,17.050797868313442,False
prod_grupo_de_humedad,2025_2026,external,5.0,493,57269.37,56482.920636058756,-786.4493639412467,-0.013732460544637504,116.16505070993915,114.56981873439909,-1.5952319755400546,12.336702308210011,15.481710381526522,False
prod_grupo_de_humedad,2020_2021,train,1.0,241,22098.63,22213.80079565018,115.17079565017775,0.005211671295920957,91.69556016597511,92.17344728485551,0.47788711888040597,7.9113532281977434,9.98090285571171,False
prod_grupo_de_humedad,2025_2026,external,1.0,178,18335.03,15522.299037150435,-2812.730962849564,-0.1534074917166519,103.00578651685393,87.20392717500245,-15.801859341851484,18.261497183653915,22.083090456796782,False
prod_grupo_de_humedad,2022_2023,train,1.0,160,12722.92,12771.825857458756,48.905857458756145,0.003843917705900544,79.51825,79.82391160911723,0.3056616091172234,7.687356845362885,10.123850396640167,False
prod_grupo_de_humedad,2024_2025,test,1.0,159,15378.020000000002,14657.412515884753,-720.6074841152495,-0.046859575167365455,96.71710691823901,92.18498437663366,-4.532122541605337,12.76076712563599,16.815982742417454,False
prod_grupo_de_humedad,2021_2022,train,1.0,155,12294.460000000001,12262.39123124546,-32.06876875454145,-0.00260839180854966,79.31909677419355,79.11220149190619,-0.20689528228735632,7.078062253697793,9.058700854556408,False
prod_grupo_de_suelo,2024_2025,test,FES,1666,166060.4,171805.20561664185,5744.805616641854,0.034594675290688534,99.67611044417767,103.1243731192328,3.448262675055129,13.985575826832488,17.888757550882445,False
prod_grupo_de_suelo,2025_2026,external,FES,1577,167036.21000000002,166968.69760896318,-67.51239103684202,-0.00040417817811384734,105.92023462270134,105.87742397524615,-0.04281064745516743,13.676500806309365,17.900217309625564,False
prod_grupo_de_suelo,2022_2023,train,FES,1471,143553.84,143617.96649123248,64.12649123248411,0.00044670690266790576,97.58928619986403,97.63288000763595,0.043593807771909486,7.73857138615126,9.980035540677598,False
prod_grupo_de_suelo,2020_2021,train,FES,1435,138990.91999999998,139181.97118476027,191.0511847602902,0.0013745587464295526,96.85778397212542,96.9909206862441,0.13313671411867412,8.28637137749861,10.753243622104645,False
prod_grupo_de_suelo,2021_2022,train,FES,1390,139157.43,139520.4232110733,362.99321107330616,0.002608507580754446,100.11325899280575,100.37440518782252,0.26114619501676206,8.129450891384861,10.371535349548497,False
prod_grupo_de_suelo,2022_2023,train,III/S1 (TQ) (PR),997,103628.32,103735.96041581489,107.64041581487982,0.0010387162101525896,103.94014042126379,104.04810473000491,0.10796430874110814,8.209752640439987,10.775151219767972,False
prod_grupo_de_suelo,2024_2025,test,III/S1 (TQ) (PR),989,104088.46,107709.60904750871,3621.149047508705,0.034789149993272116,105.2461678463094,108.90759256573176,3.661424719422356,13.448497090821572,16.84547257799047,False
prod_grupo_de_suelo,2024_2025,test,II/E,985,99262.17000000001,100040.97546516378,778.8054651637649,0.007845944383079322,100.77377664974621,101.56444209661298,0.7906654468667802,12.85672338734691,16.201321513474944,False
prod_grupo_de_suelo,2020_2021,train,III/S1 (TQ) (PR),957,101691.89,102226.14435813599,534.2543581359932,0.005253657475891079,106.26111807732498,106.81937759470846,0.5582595173834949,8.382704549433813,10.88140229771763,False
prod_grupo_de_suelo,2022_2023,train,II/E,937,89145.51,88801.17936135338,-344.3306386466138,-0.0038625684978033535,95.13928495197437,94.77180294701535,-0.36748200495903427,7.512945942906497,9.987786757898943,False
prod_grupo_de_suelo,2021_2022,train,II/E,936,91214.3,90684.49077695202,-529.8092230479815,-0.005808400909155489,97.45117521367521,96.88513971896583,-0.5660354947093724,7.972814291920312,10.25582202973433,False
prod_grupo_de_suelo,2025_2026,external,III/S1 (TQ) (PR),925,101351.07,101459.72539987418,108.65539987417287,0.0010720695881570156,109.56872432432434,109.6861896214856,0.11746529716127756,13.228640871740414,16.9941693544582,False
prod_grupo_de_suelo,2025_2026,external,II/E,903,96724.76,91253.88157155018,-5470.878428449811,-0.05656130269488196,107.11490586932447,101.05634725531581,-6.058558614008652,13.173118307550883,17.166071014707956,False
prod_grupo_de_suelo,2021_2022,train,III/S1 (TQ) (PR),899,100139.95999999999,100261.23016183951,121.27016183952219,0.0012110066934271015,111.39038932146829,111.52528382852003,0.134894507051738,8.350300581179894,10.715143852627312,False
prod_grupo_de_suelo,2020_2021,train,II/E,893,83981.43000000001,84655.6312649954,674.2012649953977,0.008027980292731352,94.04415453527436,94.79913915453012,0.7549846192557789,7.965209343023348,10.258526976208435,False
prod_grupo_de_suelo,2021_2022,train,II/S1 (PR),806,89649.61000000002,89465.39034094645,-184.21965905356046,-0.0020548852254188327,111.22780397022335,110.99924359918914,-0.22856037103417354,8.28429746862452,10.661062455082616,False
prod_grupo_de_suelo,2020_2021,train,II/S1 (PR),797,88152.37,87956.9010192499,-195.46898075009813,-0.0022173990415697066,110.60523212045169,110.3599761847552,-0.24525593569647403,8.632972253688303,11.051505701303192,False
prod_grupo_de_suelo,2022_2023,train,II/S1 (PR),724,76659.87,76642.01930064632,-17.8506993536721,-0.00023285585213844088,105.88379834254143,105.85914268045072,-0.02465566209069664,8.320094627955882,10.865124788611705,False
prod_grupo_de_suelo,2024_2025,test,II/S1 (PR),689,76568.4,76970.69011950135,402.29011950135464,0.005253996681416285,111.12975326560232,111.7136286204664,0.5838753548640653,12.586874488053962,16.24451286321349,False
prod_grupo_de_suelo,2025_2026,external,II/S1 (PR),633,73227.08,71645.41104534865,-1581.6689546513517,-0.021599508742549227,115.68259083728279,113.18390370513215,-2.498687132150637,13.193170432104305,16.64098423202719,False
prod_grupo_de_suelo,2022_2023,train,III/S1,451,40650.02,40361.58078459443,-288.43921540556767,-0.007095672164627907,90.1330820399113,89.49352723856857,-0.6395548013427326,6.862149283758289,8.985320690089486,False
prod_grupo_de_suelo,2024_2025,test,II/T1 S1 E (TF) (PL),419,41979.479999999996,42769.965269080945,790.4852690809494,0.01883027777097166,100.18968973747016,102.0762894250142,1.8865996875440172,11.87582641503791,15.075255634692299,False
prod_grupo_de_suelo,2020_2021,train,III/S1,413,39457.35,39354.757507760936,-102.59249223906227,-0.0026000857188600416,95.53837772397094,95.28996975244779,-0.2484079715231555,6.898654640399808,8.903500830889477,False
prod_grupo_de_suelo,2021_2022,train,III/S1,409,37551.81,37758.073685177034,206.26368517703668,0.005492776118568897,91.81371638141809,92.318028570115,0.504312188696899,7.45597373373404,9.88422427907667,False
prod_grupo_de_suelo,2020_2021,train,II/T1 S1 E (TF) (PL),407,39142.45,39160.40645855218,17.956458552180266,0.0004587464134764244,96.17309582309582,96.21721488587758,0.044119062781769205,7.428057799696637,9.573247526557331,False
prod_grupo_de_suelo,2024_2025,test,III/S1,407,38920.1,40409.54859461334,1489.4485946133427,0.03826939279738086,95.62678132678133,99.28636018332516,3.659578856543825,10.934436287124015,13.736565581692876,False
prod_grupo_de_suelo,2020_2021,train,II/T1 S1 E,402,36394.03,36236.4924071244,-157.5375928755966,-0.0043286657969891385,90.53241293532338,90.14052837593135,-0.39188455939204536,7.51426366061365,9.55312443299593,False
prod_grupo_de_suelo,2021_2022,train,II/T1 S1 E (TF) (PL),396,35782.130000000005,35993.029232353285,210.89923235328024,0.005893982061807953,90.35891414141415,90.89148796048809,0.5325738190739511,7.556660879983286,9.692108039851334,False
prod_grupo_de_suelo,2022_2023,train,II/T1 S1 E (TF) (PL),396,36298.33,36471.41288776406,173.0828877640597,0.004768342999913762,91.6624494949495,92.0995274943537,0.43707799940419145,6.946706679251636,9.27976911167237,False
prod_grupo_de_suelo,2025_2026,external,II/T1 S1 E (TF) (PL),377,38265.96,38154.20888607674,-111.75111392325925,-0.0029203792070879512,101.50122015915119,101.20479810630435,-0.2964220528468416,10.783874848780508,14.077499759610655,False
prod_grupo_de_suelo,2025_2026,external,III/S1,352,36997.409999999996,34316.4822738389,-2680.9277261610987,-0.07246257849295665,105.1062784090909,97.49000645976959,-7.616271949321319,11.993652734449302,15.35849530141836,False
prod_grupo_de_suelo,2024_2025,test,I,329,36609.61,36467.23942587194,-142.37057412805734,-0.00388888529891625,111.2754103343465,110.8426730269664,-0.43273730738010674,13.275178693134409,17.235084632098626,False
prod_grupo_de_suelo,2020_2021,train,I,314,33329.81999999999,33239.14676480658,-90.67323519341153,-0.0027204837947943177,106.14592356687896,105.85715530193178,-0.28876826494720387,8.569069008875694,11.297080640883934,False
prod_grupo_de_suelo,2020_2021,train,,312,30349.52,30254.70886984552,-94.81113015448136,-0.003123974618197631,97.27410256410256,96.97022073668435,-0.30388182741820974,8.456273458075586,11.100813061892824,False
prod_grupo_de_suelo,2021_2022,train,II/T1 S1 E,308,25863.120000000003,25698.327909076237,-164.7920909237655,-0.006371701903086924,83.97116883116884,83.43612957492284,-0.5350392562459909,7.349508800343517,9.889146129273312,False
prod_grupo_de_suelo,2025_2026,external,II/T1 S1 E,302,29795.489999999998,26230.375599830273,-3565.114400169725,-0.11965281994589534,98.66056291390728,86.85554834380885,-11.805014570098429,15.681953873387354,19.84930656513815,False
prod_grupo_de_suelo,2021_2022,train,I,301,32623.37,32570.74523338492,-52.62476661507753,-0.0016131002595709007,108.38328903654485,108.20845592486685,-0.17483311167800564,8.79157029413713,11.334940957419636,False
prod_grupo_de_suelo,2022_2023,train,II/T1 S1 E,301,24222.02,24215.79506699595,-6.224933004050399,-0.00025699479250906404,80.47182724252492,80.4511464019799,-0.020680840545020486,6.764311690872158,8.964129534128956,False
prod_grupo_de_suelo,2022_2023,train,I,294,31290.83,31254.594128621648,-36.235871378354204,-0.001158034842104035,106.43139455782314,106.30814329463145,-0.12325126319166864,8.922649922012845,11.691310501573428,False
prod_grupo_de_suelo,2025_2026,external,I,284,33078.67,32009.72174476373,-1068.9482552362679,-0.0323153335740605,116.47419014084507,112.71028783367511,-3.7639023071699445,13.722460464038193,17.92408427533883,False
prod_grupo_de_suelo,2024_2025,test,II/T1 S1 E,275,25045.39,25049.3651637524,3.9751637524022954,0.00015871838100354178,91.07414545454546,91.08860059546328,0.014455140917837483,12.429748229064115,15.990193029044843,False
prod_grupo_de_suelo,2021_2022,train,,219,23135.020000000004,23033.318478963592,-101.70152103641158,-0.00439599883796995,105.63936073059362,105.17497022357804,-0.4643905070155744,9.073625728068356,12.016067894328158,False
prod_grupo_de_suelo,2022_2023,train,,215,22418.76,22485.10403142321,66.34403142321025,0.0029593086960746384,104.27330232558138,104.5818792159219,0.30857689034051283,7.9554142184639245,10.057597212427718,False
prod_grupo_de_suelo,2020_2021,train,II/S1 (PL),162,15431.21,15383.006707788867,-48.203292211132066,-0.0031237532384778685,95.25438271604938,94.9568315295609,-0.297551186488474,7.621373609264872,9.660388112742444,False
prod_grupo_de_suelo,2024_2025,test,II/S1 (PL),150,13672.22,14464.368131147978,792.1481311479783,0.05793851555548246,91.14813333333333,96.42912087431985,5.280987540986521,12.387031711331469,16.24714098118875,False
prod_grupo_de_suelo,2025_2026,external,II/S1 (PL),142,13352.66,13415.702563850766,63.04256385076587,0.004721348693875668,94.03281690140845,94.47677861866737,0.4439617172589162,15.958344816839611,19.49985291412492,False
prod_grupo_de_suelo,2021_2022,train,II/S1 (PL),141,13381.94,13431.246761604947,49.30676160494659,0.003684575002200472,94.90737588652483,95.25706923124076,0.34969334471594293,7.510462458480792,9.62211415330116,False
prod_grupo_de_suelo,2021_2022,train,IV/T2 (RI) (PL),141,10814.16,10800.617369063315,-13.542630936684873,-0.0012523053974312266,76.69617021276596,76.60012318484621,-0.09604702791976216,6.633630268051883,9.302222137129576,False
prod_grupo_de_suelo,2020_2021,train,IV/T2 (RI) (PL),139,10656.52,10510.292754278831,-146.2272457211693,-0.013721857203024,76.66561151079136,75.61361693725777,-1.051994573533596,7.684154764165193,9.683591598822183,False
prod_grupo_de_suelo,2022_2023,train,IV/T2 (RI) (PL),138,11610.810000000001,11689.440059966411,78.63005996641004,0.006772142509128135,84.1363043478261,84.70608739106095,0.5697830432348613,6.031025322618516,7.61691668113754,False
prod_grupo_de_suelo,2022_2023,train,II/S1 (PL),136,12460.69,12761.663859784334,300.9738597843334,0.024153867866412968,91.6227205882353,93.8357636748848,2.2130430866495137,8.217382422359337,11.086183447414989,False
prod_grupo_de_suelo,2025_2026,external,IV/T2 (RI) (PL),134,10262.140000000001,11866.044525353453,1603.9045253534514,0.15629337792638293,76.58313432835821,88.55257108472726,11.969436756369051,14.30523376623375,16.85529583366314,False
prod_grupo_de_suelo,2024_2025,test,IV/T2 (RI) (PL),130,9964.580000000002,11777.580487438881,1813.0004874388796,0.18194449614924857,76.65061538461539,90.5967729802991,13.946157595683708,16.843662770844233,19.32045974948455,False
prod_grupo_de_suelo,2022_2023,train,II/T1 E (PL),89,7488.89,7422.130722931194,-66.75927706880611,-0.008914442202890697,84.14483146067415,83.394727223946,-0.750104236728147,7.4333454127412555,9.620775378565884,False
prod_grupo_de_suelo,2020_2021,train,II/T1 E (PL),83,7201.619999999999,7208.40937765758,6.789377657581099,0.0009427569987837598,86.76650602409637,86.8483057549106,0.08179973081421701,6.672958401593943,8.498120812368505,False
prod_grupo_de_suelo,2021_2022,train,II/T1 E (PL),75,6778.069999999999,6846.72550999928,68.6555099992811,0.010129064763167259,90.37426666666666,91.28967346665706,0.9154067999903933,6.5077638005185285,8.752935108644966,False
prod_grupo_de_suelo,2024_2025,test,IV/T2,73,6658.63,6714.470192563487,55.84019256348711,0.008386138374333324,91.2141095890411,91.9790437337464,0.7649341447053235,12.532900866371259,16.015813231231647,False
prod_grupo_de_suelo,2020_2021,train,IV/T2,71,6519.219999999999,6473.067994015736,-46.15200598426327,-0.007079375444342003,91.82,91.16997174670051,-0.6500282532994903,9.559816143512837,12.47593335849127,False
prod_grupo_de_suelo,2022_2023,train,IV/T2,66,5387.58,5429.957914855695,42.37791485569505,0.007865853473302495,81.63,82.27208961902568,0.6420896190256737,7.908514156231191,10.685556502904749,False
prod_grupo_de_suelo,2024_2025,test,II/T1 E (PL),64,5862.72,5986.779421004005,124.05942100400443,0.021160727615169142,91.605,93.54342845318757,1.9384284531875708,9.871189633922796,13.526367328956184,False
prod_grupo_de_suelo,2025_2026,external,IV/T2,64,6125.780000000001,5913.698136347162,-212.08186365283836,-0.03462120148827388,95.71531250000001,92.40153338042441,-3.3137791195755804,12.113579271455079,15.370605207329485,False
prod_grupo_de_suelo,2025_2026,external,II/T1 E (PL),59,5764.22,5550.46493147053,-213.75506852947,-0.037083086441785706,97.69864406779662,94.07567680458526,-3.6229672632113497,12.178664055739226,14.756486487826006,False
prod_grupo_de_suelo,2021_2022,train,IV/T2,50,4635.959999999999,4562.763265255416,-73.19673474458341,-0.015788905586886733,92.71919999999999,91.25526530510831,-1.463934694891713,6.459431962205731,8.195631549781918,False
prod_grupo_de_suelo,2022_2023,train,III/S4 (PR),13,1289.99,1240.2630867666007,-49.72691323339927,-0.038548293578554306,99.23,95.40485282820006,-3.8251471717999483,11.540966730157065,13.248165972661964,False
prod_grupo_de_suelo,2020_2021,train,III/S4 (PR),12,1210.07,1172.9596106668005,-37.110389333199464,-0.030667969070549195,100.83916666666666,97.74663422223337,-3.092532444433289,8.164879673190894,10.283655418897395,False
prod_grupo_de_suelo,2024_2025,test,III/S4 (PR),11,1143.18,1159.6545507926971,16.474550792697073,0.01441116079068657,103.92545454545456,105.42314098115429,1.4976864356997304,12.300238328836569,14.18478956568822,False
prod_grupo_de_suelo,2025_2026,external,III/S4 (PR),11,1239.2000000000003,1098.9081309866472,-140.2918690133531,-0.11321164381322876,112.65454545454548,99.90073918060429,-12.753806273941166,14.785250816473882,18.91655076788592,False
prod_grupo_de_suelo,2021_2022,train,III/S4 (PR),8,808.33,811.0114622157804,2.681462215780357,0.003317286523796416,101.04125,101.37643277697255,0.3351827769725497,5.924333729849566,7.683665976061028,False
prod_ingenio,2022_2023,train,SANTA ANA,2185,220725.07,219716.0625279821,-1009.0074720178964,-0.004571331530296474,101.01833867276888,100.55655035605588,-0.4617883167129971,7.076548649458351,9.17811952794274,False
prod_ingenio,2020_2021,train,SANTA ANA,2145,214307.45999999996,214611.6004713993,304.1404713993252,0.0014191781816616426,99.91023776223774,100.05202819179453,0.14179042955677978,7.921284211506523,10.376358687584998,False
prod_ingenio,2024_2025,test,SANTA ANA,2139,218189.45,230455.5087100211,12266.058710021083,0.05621746931403458,102.00535296867696,107.73983576906082,5.734482800383879,13.392374551456316,16.769613895229032,False
prod_ingenio,2021_2022,train,SANTA ANA,2113,220560.71000000002,220844.56165706154,283.85165706151747,0.0012869547666105965,104.38273071462376,104.51706656746879,0.1343358528450236,7.728268797654526,10.01639898582381,False
prod_ingenio,2025_2026,external,SANTA ANA,1902,210464.69,211160.8997897295,696.2097897295025,0.0033079648169462655,110.65441114616193,111.02045204507334,0.36604089891140656,12.684645367849258,16.22772880005075,False
prod_ingenio,2022_2023,train,TRINIDAD,1216,116763.87,117592.85992410945,828.9899241094536,0.007099712643212782,96.02291940789473,96.70465454285316,0.6817351349584232,8.676809124768175,11.469292014855888,False
prod_ingenio,2021_2022,train,TRINIDAD,1209,123541.01000000001,123251.01918648274,-289.99081351727364,-0.002347324289458809,102.18445822994211,101.94459816913378,-0.2398600608083261,8.483602647302803,11.041469717813733,False
prod_ingenio,2020_2021,train,PANTALEON,1207,125388.9,125495.01037516228,106.1103751622868,0.0008462501478383398,103.88475559237779,103.97266808215599,0.08791248977819088,7.946917503153712,10.29402352616953,False
prod_ingenio,2024_2025,test,TRINIDAD,1162,114663.39,116330.22243423815,1666.832434238153,0.01453674476428922,98.67761617900172,100.11206749934436,1.4344513203426448,15.07761976666424,18.953989511557964,False
prod_ingenio,2020_2021,train,TRINIDAD,1141,113828.56999999999,113407.62764418974,-420.94235581025714,-0.0036980378108084568,99.76211218229622,99.39318811935998,-0.36892406293625385,8.291751374037998,10.519807427581329,False
prod_ingenio,2022_2023,train,PANTALEON,1124,110127.44,110218.94366057185,91.50366057184874,0.0008308888372584411,97.97814946619218,98.05955841687887,0.08140895068670037,8.04790475149537,10.443731340137434,False
prod_ingenio,2025_2026,external,TRINIDAD,1120,112515.70000000001,113726.73395015561,1211.033950155601,0.010763244153087976,100.46044642857144,101.54172674121037,1.0812803126389348,14.474079487045978,18.70789126638487,False
prod_ingenio,2021_2022,train,PANTALEON,1109,114133.76,114058.41484653778,-75.34515346221451,-0.000660147825342953,102.91592425608656,102.84798453249574,-0.06793972359081422,7.922536548134813,10.30808242790757,False
prod_ingenio,2024_2025,test,PANTALEON,1071,111560.62,111100.42169752362,-460.19830247637583,-0.004125096315136792,104.16491129785247,103.73522100609115,-0.42969029176132834,11.389725814168935,14.703756765774619,False
prod_ingenio,2025_2026,external,PANTALEON,957,107268.5,99212.25217413792,-8056.247825862083,-0.07510357491586145,112.08829676071055,103.67006496775122,-8.418231792959324,12.543485649982841,15.784408368153453,False
prod_ingenio,2020_2021,train,MADRE TIERRA,818,79475.01999999999,80092.77796010868,617.7579601086909,0.007772982757458771,97.15772616136918,97.9129314915754,0.7552053302062134,8.268262910349556,10.77522285346002,False
prod_ingenio,2021_2022,train,MADRE TIERRA,792,80327.41,80122.21480325874,-205.1951967412606,-0.0025544854084211177,101.42349747474748,101.1644126303772,-0.2590848443702908,8.139628594523794,10.392472874075334,False
prod_ingenio,2022_2023,train,MADRE TIERRA,785,79859.65,79694.07077124508,-165.57922875491204,-0.002073377841687411,101.7320382165605,101.5211092627326,-0.2109289538279119,7.806383064173965,10.186059879596124,False
prod_ingenio,2024_2025,test,MADRE TIERRA,714,73655.93,77568.03684981653,3912.1068498165405,0.053113263926156944,103.15956582633052,108.63870707257217,5.47914124624163,12.0321937439094,15.363879827670202,False
prod_ingenio,2025_2026,external,MADRE TIERRA,644,69322.65,69905.99789325637,583.3478932563739,0.00841496817066823,107.64386645962732,108.54968616965274,0.9058197100254229,11.769804708505479,15.311034786763232,False
prod_ingenio,2024_2025,test,TULULA,534,52529.37,53747.75601620904,1218.386016209035,0.023194377092453897,98.36960674157304,100.65122849477348,2.2816217532004384,11.427216050153083,14.67289201964479,False
prod_ingenio,2020_2021,train,TULULA,529,49806.45,50008.38659472203,201.9365947220358,0.004054426579730854,94.15207939508507,94.53381208832143,0.38173269323635595,7.291889887314145,9.291327521032045,False
prod_ingenio,2021_2022,train,TULULA,518,45407.39,45549.92451363565,142.53451363564818,0.003139015777732395,87.65905405405405,87.93421720779082,0.27516315373677364,7.908713362971212,10.031425454441084,False
prod_ingenio,2022_2023,train,TULULA,504,45669.130000000005,45904.27754091546,235.14754091545183,0.005148938482415842,90.61335317460319,91.07991575578464,0.466562581181461,7.021789114088275,9.170451614897832,False
prod_ingenio,2025_2026,external,TULULA,476,46975.91,47882.94310176306,907.0331017630597,0.01930847325284512,98.68888655462186,100.59441828101484,1.905531726392983,10.809887496527903,13.948516922053388,False
prod_ingenio,2020_2021,train,PALO GORDO,417,36704.33,36355.35880508889,-348.97119491111516,-0.00950763016001423,88.01997601918465,87.18311464050093,-0.8368613786837239,10.003294334923371,12.648016516051817,False
prod_ingenio,2022_2023,train,PALO GORDO,413,32866.66,32915.016055902845,48.356055902841035,0.0014712798897983863,79.58029055690074,79.69737543802141,0.11708488112068174,8.229797096426564,11.01821661750303,False
prod_ingenio,2024_2025,test,PALO GORDO,381,35053.740000000005,33874.652332925754,-1179.087667074251,-0.033636572504795514,92.00456692913387,88.90984864284975,-3.094718286284105,13.338560567742295,17.426054438220504,False
prod_ingenio,2025_2026,external,PALO GORDO,357,34031.56,30353.571664663214,-3677.988335336784,-0.10807580773072949,95.32649859943977,85.02401026516306,-10.302488334276712,15.639242920802197,20.223886939299085,False
prod_ingenio,2021_2022,train,PALO GORDO,336,27451.22,27468.728449156617,17.508449156615825,0.0006378022236030247,81.70005952380953,81.7521680034423,0.05210847963278963,8.314187447540498,10.879180488236706,False
prod_ingenio,2025_2026,external,LA UNION,307,32641.640000000003,27640.923844548746,-5000.716155451257,-0.15320051797186834,106.32456026058632,90.03558255553338,-16.288977705052943,20.06852224755829,24.539812152739447,False
prod_ingenio,2024_2025,test,LA UNION,186,20182.84,18248.85344434715,-1933.9865556528493,-0.09582331107281479,108.50989247311828,98.11211529218899,-10.397777180929292,14.722924062482127,18.72850666201614,False
prod_ingenio,2020_2021,train,LA UNION,140,12997.689999999999,13043.134428968144,45.444428968145075,0.0034963465791340675,92.84064285714285,93.16524592120102,0.32460306405815964,6.613507430709335,8.36981991459683,False
prod_ingenio,2021_2022,train,LA UNION,2,113.71000000000001,142.52994177203993,28.819941772039925,0.2534512511831846,56.855000000000004,71.26497088601997,14.409970886019966,14.409970886019966,16.468029197093788,False
prod_ingenio,2022_2023,train,LA UNION,1,93.64,87.83763202383285,-5.802367976167147,-0.06196463024527069,93.64,87.83763202383285,-5.802367976167147,5.802367976167147,5.802367976167147,False
prod_no_corte,2020_2021,train,4,1410,139357.50999999998,139137.3955886953,-220.11441130467574,-0.0015794944334516006,98.8351134751773,98.6790039636137,-0.15610951156361394,8.173363917156724,10.641324564084382,False
prod_no_corte,2024_2025,test,3,1349,135489.31,138210.71046940278,2721.4004694027826,0.020085720928114423,100.4368495181616,102.45419604848242,2.017346530320799,13.69063488852235,17.420968518577933,False
prod_no_corte,2020_2021,train,3,1346,133441.61,133927.62810825102,486.01810825103894,0.0036421780901102663,99.13938335809806,99.50046664803196,0.3610832899338805,8.430670525318838,10.917458560759705,False
prod_no_corte,2021_2022,train,4,1222,121745.79000000001,122226.21966606908,480.4296660690743,0.003946170673080968,99.62830605564649,100.02145635521201,0.393150299565543,8.177237594817951,10.542848419831591,False
prod_no_corte,2025_2026,external,4,1207,124939.41,122908.986797439,-2030.4232025609963,-0.016251262932656687,103.51235294117647,101.83014647675145,-1.6822064644250208,13.938103376859235,17.899874396383012,False
prod_no_corte,2022_2023,train,1,1151,116120.05,115880.30548095226,-239.7445190477447,-0.0020646263849158236,100.8862293657689,100.67793699474566,-0.20829237102323403,7.792057770183692,10.158397817178663,False
prod_no_corte,2022_2023,train,2,1065,112217.90000000001,112883.70953229217,665.8095322921581,0.005933184744075215,105.36892018779344,105.99409345755133,0.6251732697579058,7.762428644788274,10.4074332016618,False
prod_no_corte,2025_2026,external,3,1061,111698.03,109339.32447513884,-2358.7055248611578,-0.02111680505789724,105.27618284637134,103.05308621596498,-2.2230966304063604,13.492469837325343,17.37767273048953,False
prod_no_corte,2024_2025,test,2,1058,109035.87,113260.32277189867,4224.452771898679,0.03874369757308929,103.05847826086956,107.05134477495149,3.9928665140819315,13.474479306759811,17.081197990547402,False
prod_no_corte,2021_2022,train,5,1038,101642.5,101678.19505011122,35.695050111215096,0.0003511823313202164,97.92148362235068,97.95587191725551,0.034388294904841715,8.039454073791477,10.519790587519717,False
prod_no_corte,2024_2025,test,1,1026,108651.15,107728.76099330283,-922.3890066971653,-0.008489454614122035,105.89780701754385,104.99879239113336,-0.8990146264105091,12.614110403569857,16.249604515485615,False
prod_no_corte,2024_2025,test,4,1007,102961.35,106699.57606292207,3738.226062922069,0.036307080889305246,102.24563058589871,105.95787096615896,3.712240380260263,12.758791754868824,16.04377734235707,False
prod_no_corte,2022_2023,train,5,992,93753.76999999999,93803.74622770879,49.97622770880116,0.0005330583261750558,94.50984879032256,94.5602280521258,0.05037926180321678,7.765099974892168,10.233450525429946,False
prod_no_corte,2025_2026,external,2,955,104975.79999999999,103332.34849843063,-1643.4515015693614,-0.01565552728885478,109.92230366492146,108.2014120402415,-1.7208916246799697,12.36601748540921,16.27405033031598,False
prod_no_corte,2020_2021,train,5,946,90328.95,90130.36950719017,-198.58049280982232,-0.002198414714328267,95.48514799154334,95.27523203719892,-0.20991595434441782,8.280473481984089,10.907014851628844,False
prod_no_corte,2021_2022,train,1,944,104521.15999999999,104332.61884373546,-188.5411562645313,-0.0018038563317182026,110.72156779661016,110.52184199548248,-0.19972580112769242,8.280073860566253,10.621027734371834,False
prod_no_corte,2025_2026,external,1,921,103721.69,100138.61991648749,-3583.070083512517,-0.03454504148083701,112.618555917481,108.72814323179966,-3.890412685681344,14.306962965250362,17.994775146156353,False
prod_no_corte,2025_2026,external,5,782,83959.43000000001,82126.24331054947,-1833.1866894505365,-0.021834196461916623,107.36500000000001,105.02077149686633,-2.3442285031336696,12.543499302524975,16.07750462907655,False
prod_no_corte,2022_2023,train,3,777,77875.86,77442.19150467087,-433.668495329126,-0.005568715328846782,100.22633204633205,99.66820013471155,-0.5581319116204903,8.224148538630383,10.696121508995633,False
prod_no_corte,2022_2023,train,4,775,72704.94,72703.72230228069,-1.2176977193157654,-1.674848668213969e-05,93.81282580645161,93.81125458358798,-0.0015712228636229773,7.528990025181021,9.986396397898432,False
prod_no_corte,2020_2021,train,2,758,78479.23999999999,78808.07295384281,328.83295384282246,0.004190062924192723,103.534617414248,103.96843397604593,0.43381656179790584,7.792687410432773,9.879594566315289,False
prod_no_corte,2021_2022,train,3,754,76266.94,75967.09001936181,-299.84998063818784,-0.003931585306007922,101.1497877984085,100.75210877899445,-0.39767901941405515,7.750229289759284,10.185397275664897,False
prod_no_corte,2021_2022,train,2,736,79737.70999999999,79940.92754993799,203.2175499379955,0.0025485751965788274,108.33927989130434,108.61539069285053,0.2761108015461795,8.160560781830887,10.391316584505514,False
prod_no_corte,2020_2021,train,6,712,67482.73,67672.24427911274,189.51427911274368,0.002808337468160279,94.77911516853932,95.0452869088662,0.2661717403268759,7.759589315581945,10.001693380529543,False
prod_no_corte,2020_2021,train,1,697,74030.26000000001,73993.56690392666,-36.69309607334435,-0.0004956499689903067,106.21271162123388,106.16006729401244,-0.052644327221432724,8.196529729200666,10.583659423504653,False
prod_no_corte,2022_2023,train,6,661,61041.31,61006.67677210276,-34.63322789724043,-0.0005673736015370645,92.34691376701966,92.29451856596484,-0.05239520105481876,7.617984567433655,9.629757192311263,False
prod_no_corte,2024_2025,test,5,661,65512.06,67535.99171311225,2023.9317131122516,0.030894032535570576,99.11052950075643,102.17245342377042,3.061923923014008,13.04548932020457,16.62507490058338,False
prod_no_corte,2021_2022,train,6,622,58309.21,58060.49806296914,-248.71193703085737,-0.004265397130759572,93.74471061093247,93.34485219126871,-0.39985841966376573,7.633168941235661,10.025626211237098,False
prod_no_corte,2021_2022,train,7,416,37924.4,38070.285085041025,145.88508504102356,0.0038467341616748993,91.16442307692309,91.51510837750246,0.35068530057938996,7.814309809409341,10.06986410127232,False
prod_no_corte,2024_2025,test,6,393,37746.57,39300.47915187219,1553.9091518721907,0.041166896803396726,96.04725190839694,100.00121921595978,3.953967307562824,11.479092811625678,14.574732200557293,False
prod_no_corte,2022_2023,train,7,385,33776.81,33719.538982179336,-57.271017820661655,-0.0016955721342738303,87.73197402597403,87.58321813553074,-0.14875589044327994,7.007006668772771,9.0648661318118,False
prod_no_corte,2025_2026,external,6,288,29085.620000000003,28100.697700554516,-984.9222994454867,-0.03386286073480595,100.99173611111112,97.57186701581429,-3.419869095296823,14.554975757710817,19.079687262785185,False
prod_no_corte,2020_2021,train,7,280,26506.870000000003,26301.842124689887,-205.02787531011563,-0.007734895719868683,94.66739285714287,93.93515044532103,-0.7322424118218243,7.4432803805140795,9.5484997573683,False
prod_no_corte,2024_2025,test,7,270,26602.31,27187.440690448755,585.1306904487537,0.021995484243614697,98.52707407407408,100.69422477943984,2.1671507053657524,12.682087199217618,16.356427530020525,False
prod_no_corte,2022_2023,train,8,206,18350.089999999997,18430.96337612327,80.87337612327246,0.004407246837659787,89.07810679611649,89.4706960005984,0.3925892044818992,7.634192526228407,10.57966564819828,False
prod_no_corte,2025_2026,external,7,198,18817.26,18677.792971408955,-139.46702859104334,-0.007411654438055453,95.03666666666666,94.33228773438866,-0.7043789322779939,10.630841302741736,14.885235605978423,False
prod_no_corte,2024_2025,test,10,175,16361.09,17605.04357118407,1243.953571184069,0.07603121620772632,93.49194285714286,100.60024897819468,7.108306121051828,14.926213927901879,18.938517507552675,False
prod_no_corte,2021_2022,train,8,169,15651.73,15364.191960842098,-287.53803915790195,-0.018371006857254884,92.61378698224851,90.91237846652129,-1.7014085157272327,7.645209258495416,9.844872656914209,False
prod_no_corte,2024_2025,test,8,156,14371.84,14806.380188913892,434.54018891389205,0.030235529265138776,92.12717948717949,94.9126935186788,2.785514031499317,13.400910700092185,16.87857970344312,False
prod_no_corte,2025_2026,external,8,142,14500.09,14568.422822300527,68.33282230052646,0.004712579184027579,102.11330985915492,102.59452691760934,0.48121705845440416,12.224833451938878,15.137820196303984,False
prod_no_corte,2025_2026,external,10,134,13665.17,13343.644185930578,-321.52581406942227,-0.023528855774895028,101.97888059701492,99.57943422336253,-2.399446373652387,13.931528433076895,18.126741887682027,False
prod_no_corte,2022_2023,train,10,133,12234.060000000001,12218.2908164545,-15.76918354550071,-0.0012889575125102138,91.9854135338346,91.8668482440188,-0.11856528981579198,7.411774696361486,9.175092843852124,False
prod_no_corte,2021_2022,train,10,121,10888.980000000001,11008.698072302443,119.71807230244121,0.01099442484993463,89.9915702479339,90.98097580415242,0.9894055562185248,7.932303996150725,10.120767075736822,False
prod_no_corte,2020_2021,train,8,108,9531.839999999998,9725.430707578333,193.59070757833433,0.02030989898889767,88.25777777777776,90.050284329429,1.792506551651226,8.611560852490202,10.595399412921662,False
prod_no_corte,2020_2021,train,9,102,10113.73,10005.038788984462,-108.69121101553719,-0.010746896645998776,99.15421568627451,98.08861557827905,-1.0656001079954491,6.414045324243643,7.8582046615609515,False
prod_no_corte,2024_2025,test,9,92,9103.789999999999,8990.745872023846,-113.0441279761526,-0.012417260061595513,98.95423913043477,97.72549860895485,-1.2287405214799512,11.983301400806473,15.15795229075637,False
prod_no_corte,2022_2023,train,9,83,8030.67,8039.923117985952,9.253117985951576,0.0011522224155583003,96.75506024096386,96.8665435901922,0.1114833492283391,8.138008461053325,10.548037459769274,False
prod_no_corte,2025_2026,external,9,75,7858.150000000001,7347.241740014414,-510.9082599855865,-0.06501635372009779,104.77533333333334,97.96322320019219,-6.812110133141159,13.029585889967441,16.35141391351751,False
prod_no_corte,2021_2022,train,9,57,4846.79,4788.66908753482,-58.12091246517957,-0.011991630020112193,85.03140350877193,84.01173837780387,-1.0196651309680613,8.492645102029709,10.956616182727338,False
prod_no_corte,2020_2021,train,10,38,3235.68,3312.3073173676644,76.62731736766455,0.023681982571720488,85.14947368421052,87.16598203599116,2.0165083517806326,6.409653416178422,7.963518634674264,False
prod_variedad,2024_2025,test,CG02-163,2635,277111.70999999996,282531.7141198984,5420.004119898425,0.019558914056350872,105.16573434535103,107.22266190508478,2.0569275597337175,12.645940768659164,16.0650083070074,False
prod_variedad,2025_2026,external,CG02-163,2461,270348.98,266885.2955763317,-3463.68442366831,-0.012811901208831305,109.8533035351483,108.44587386279223,-1.407429672356095,13.0787270405872,16.803047614414325,False
prod_variedad,2022_2023,train,CG02-163,2371,238944.99,239561.19449071173,616.2044907117379,0.0025788550356788727,100.77814846056516,101.03804069620908,0.2598922356439224,8.0478639991469,10.641880668325244,False
prod_variedad,2021_2022,train,CG02-163,1924,210412.8,210055.66320070456,-357.13679929543287,-0.0016973149888953186,109.36216216216215,109.17654012510631,-0.1856220370558364,8.208442076631762,10.656858490530828,False
prod_variedad,2020_2021,train,CP72-2086,1714,166862.28999999998,166699.91611377813,-162.37388622184517,-0.0009731011495877541,97.35256126021002,97.2578273709324,-0.09473388927762859,8.35878625859058,10.8159997633221,False
prod_variedad,2020_2021,train,CG02-163,1416,152084.12,152517.31936884669,433.19936884669005,0.0028484194723728557,107.4040395480226,107.70997130568269,0.30593175766009323,8.11418248234682,10.54174225709377,False
prod_variedad,2021_2022,train,CP72-2086,1401,136779.31,136564.1136449763,-215.19635502368328,-0.0015733107223869114,97.6297715917202,97.47616962525076,-0.15360196646943902,8.147910311509923,10.482273776004735,False
prod_variedad,2022_2023,train,CP72-2086,1192,113157.9,112951.18497219768,-206.71502780231822,-0.0018267838816584457,94.93112416107383,94.75770551358866,-0.17341864748517827,7.648523741553036,10.060549489918133,False
prod_variedad,2024_2025,test,CP72-2086,853,85257.48000000001,87442.63699882495,2185.1569988249394,0.025630091328349595,99.95015240328254,102.51188393766114,2.561731534378617,12.756940807408396,16.038390018186117,False
prod_variedad,2020_2021,train,CP73-1547,735,76150.87,76172.7211255109,21.85112551090424,0.0002869451854050287,103.60662585034012,103.63635527280394,0.029729422463816664,8.060405661361138,10.38612481534439,False
prod_variedad,2021_2022,train,CP73-1547,635,65400.54,65419.45379455651,18.913794556508947,0.0002891993637439224,102.99297637795276,103.02276188119136,0.029785503238586652,8.25037427719938,10.419066968038182,False
prod_variedad,2025_2026,external,CP72-2086,603,65826.69,64557.2003126044,-1269.4896873956022,-0.019285333766525435,109.16532338308458,107.06003368591111,-2.105289697173476,12.722426221448579,16.567530698173893,False
prod_variedad,2022_2023,train,CP73-1547,579,61133.81,61050.06549245889,-83.74450754110876,-0.001369855854577177,105.58516407599309,105.4405276208271,-0.14463645516600032,8.212954827628755,10.546911315796624,False
prod_variedad,2025_2026,external,CGMEX10-26315,526,54490.58,53082.864809641134,-1407.7151903588674,-0.025834101790784155,103.59425855513308,100.91799393467896,-2.6762646204541176,13.21870359976716,17.06370343590626,False
prod_variedad,2020_2021,train,CG98-78,507,45576.3,45525.66298929065,-50.63701070935349,-0.0011110382086600599,89.89408284023669,89.79420707946873,-0.09987576076795958,7.29490434989465,9.385680481262423,False
prod_variedad,2024_2025,test,CP73-1547,482,50350.770000000004,52803.30206390219,2452.5320639021884,0.04870892865992294,104.46217842323652,109.55041921971409,5.088240796477577,13.606046223828335,17.528702219042863,False
prod_variedad,2022_2023,train,RB845210,419,35954.01,35636.48077573453,-317.52922426546866,-0.008831538520055722,85.80909307875895,85.05126676786284,-0.7578263108961002,7.225267580426585,9.428040008555234,False
prod_variedad,2025_2026,external,CP73-1547,404,43643.19,42910.41733846284,-732.7726615371648,-0.01679008022871758,108.02769801980199,106.21390430312583,-1.8137937166761438,11.685770918067869,14.687134741401659,False
prod_variedad,2021_2022,train,CG98-78,399,34236.979999999996,34222.70331420601,-14.276685793985962,-0.0004169960608086918,85.80696741854635,85.77118625114288,-0.03578116740349186,7.15257842062944,9.629068462449244,False
prod_variedad,2025_2026,external,RB845210,391,37068.369999999995,36644.26091583782,-424.10908416217717,-0.01144126607569141,94.80401534526852,93.71933738065938,-1.084677964609156,13.111504927159338,16.64863018014164,False
prod_variedad,2024_2025,test,RB845210,387,34926.28,36058.346101871764,1132.0661018717656,0.03241301684209614,90.24878552971576,93.17402093506917,2.9252354053534018,12.508338094373391,15.88559696983711,False
prod_variedad,2024_2025,test,CGMEX10-26315,367,35647.97,35612.46101188723,-35.508988112771476,-0.0009961012678357695,97.13343324250681,97.03667850650471,-0.09675473600210599,12.048042328127176,15.523791521018104,False
prod_variedad,2020_2021,train,VARIAS,357,34844.56999999999,35131.118936288236,286.54893628824357,0.008223632442249787,97.60383753501398,98.40649561985501,0.8026580848410008,8.321494520480138,10.492233681739767,False
prod_variedad,2021_2022,train,VARIAS,337,31923.35,32132.34064165185,208.99064165184973,0.006546638797364617,94.7280415430267,95.34819181499064,0.620150271963951,7.967454660084168,10.445196294946939,False
prod_variedad,2021_2022,train,RB845210,329,30167.78,30212.655708997136,44.875708997136826,0.0014875376642609045,91.69537993920973,91.831780270508,0.13640033129828558,8.271807404592497,11.08604833604156,False
prod_variedad,2022_2023,train,VARIAS,321,29656.36,29596.039475854057,-60.32052414594364,-0.00203398273240356,92.38741433021806,92.19949992477899,-0.18791440543906346,7.332937561108535,9.619346201396294,False
prod_variedad,2024_2025,test,VARIAS,308,29380.16,30677.83138386058,1297.6713838605792,0.044168288527379675,95.39012987012987,99.60334864889798,4.213218778768119,14.335447521652432,18.488913027743127,False
prod_variedad,2020_2021,train,CG98-46,280,27880.2,28159.201695241005,279.0016952410042,0.010007162618668596,99.57214285714286,100.5685774830036,0.9964346258607232,7.131649832289826,9.053778483927216,False
prod_variedad,2020_2021,train,RB845210,267,24565.339999999997,23977.565466192187,-587.7745338078093,-0.02392698549288589,92.00501872659174,89.80361597824789,-2.2014027483438623,9.430793783088031,12.628641086556991,False
prod_variedad,2025_2026,external,VARIAS,238,24201.82,23675.744477885688,-526.0755221143118,-0.021737023170749627,101.6883193277311,99.47791797430962,-2.2104013534214952,14.239781240671634,18.894302086371088,False
prod_variedad,2020_2021,train,CP88-1165,224,21131.55,20932.618741404844,-198.93125859515567,-0.009413945432074584,94.33727678571428,93.44919080984305,-0.8880859758712312,8.325065213944734,10.907577337639276,False
prod_variedad,2021_2022,train,CG98-46,222,21725.260000000002,21619.1076538696,-106.1523461304023,-0.004886125465490506,97.86153153153154,97.38336781022342,-0.4781637213081181,7.2631201577557585,9.431284309296625,False
prod_variedad,2022_2023,train,CG98-78,201,16992.95,17193.117745707823,200.16774570782218,0.011779458287573505,84.54203980099503,85.53789923237723,0.9958594313821978,6.872119451901289,8.983909348057951,False
prod_variedad,2024_2025,test,CG04-10295,176,19493.01,20682.61270952219,1189.6027095221907,0.061027143038565664,110.75573863636363,117.51484494046699,6.759106304103327,13.101519539751875,16.24982867362542,False
prod_variedad,2022_2023,train,CG00-102,172,18257.63,18509.04746583228,251.41746583227723,0.013770542279160943,106.14901162790699,107.61074108042023,1.4617294525132467,6.867748409845828,8.820214509847647,False
prod_variedad,2021_2022,train,CG00-102,168,17452.31,17951.433836233984,499.12383623398273,0.02859929924657439,103.88279761904762,106.8537728347261,2.9709752156784646,9.264511680924992,11.515922150936296,False
prod_variedad,2025_2026,external,CG04-10295,162,18617.300000000003,18067.329776873587,-549.9702231264164,-0.02954081543115362,114.92160493827163,111.52672701773818,-3.394877920533408,11.301776692234336,14.876755601253336,False
prod_variedad,2022_2023,train,CG98-46,160,15786.009999999998,15687.116429561862,-98.89357043813652,-0.006264633712897466,98.66256249999999,98.04447768476163,-0.6180848152383597,7.489041109141513,9.61402469782132,False
prod_variedad,2020_2021,train,CG00-102,149,15399.359999999999,15651.845148043183,252.48514804318438,0.01639582086808701,103.35140939597315,105.04594059089385,1.6945311949207011,8.05762936081637,10.539508857974024,False
prod_variedad,2021_2022,train,CP88-1165,139,13643.92,13822.028185635227,178.10818563522662,0.013054033271613042,98.15769784172662,99.43905169521746,1.2813538534908546,7.131425899787501,8.856815922338678,False
prod_variedad,2024_2025,test,CG00-102,136,13863.310000000001,14494.75378867444,631.4437886744381,0.04554783732560536,101.93610294117649,106.57907197554735,4.642969034370886,14.716206533375612,17.580896190958164,False
prod_variedad,2022_2023,train,CG04-10295,128,14417.990000000002,14392.136684307468,-25.853315692533215,-0.0017931289793191153,112.64054687500001,112.4385678461521,-0.20197902884788932,6.104680801541142,7.863596990517325,False
prod_variedad,2025_2026,external,SP80-1842,128,13230.93,11231.451720533194,-1999.4782794668063,-0.15112152202957813,103.366640625,87.74571656666558,-15.62092405833443,18.206418003164956,22.752192138506928,False
prod_variedad,2020_2021,train,CR87-339,124,10012.63,10218.68927953274,206.05927953274113,0.020579935494744253,80.74701612903225,82.40878451236081,1.6617683833285688,7.576947276904037,9.596096014112272,False
prod_variedad,2022_2023,train,CG03-025,121,10760.009999999998,10971.355362206883,211.3453622068846,0.019641744032476236,88.92570247933882,90.67235836534614,1.7466558860072772,8.0089091188476,10.09720563941486,False
prod_variedad,2025_2026,external,CG00-102,113,12396.9,12512.64724210013,115.74724210013119,0.00933678920537644,109.70707964601769,110.73139152301,1.0243118769923056,11.84545473174442,14.311934400686358,False
prod_variedad,2025_2026,external,CG09-133119,109,11117.75,10345.25875979707,-772.4912402029295,-0.06948269570757837,101.99770642201835,94.91063082382634,-7.087075598192009,15.35978221358476,18.81865215645243,False
prod_variedad,2024_2025,test,CG04-0587,103,10102.009999999998,11348.983141462313,1246.9731414623147,0.12343812186508575,98.07776699029125,110.18430234429431,12.106535354003041,17.80125718040771,22.020338843110377,False
prod_variedad,2025_2026,external,CG04-0587,98,9806.1,10467.146384204221,661.0463842042209,0.06741175229747003,100.06224489795919,106.8076161653492,6.745371267390026,14.297416373270403,18.43182860401539,False
prod_variedad,2020_2021,train,CG04-10267,94,9194.820000000002,9258.574014013671,63.7540140136698,0.006933688099785509,97.81723404255321,98.495468234188,0.6782341916348174,8.089785971414912,10.767940962832284,False
prod_variedad,2022_2023,train,CGMEX10-26315,94,9066.98,8864.364554026004,-202.61544597399552,-0.022346519565940977,96.45723404255318,94.30175057474473,-2.1554834678084815,7.4395390526002405,9.318274332388029,False
prod_variedad,2024_2025,test,CG03-025,92,7697.419999999999,8142.107008210029,444.6870082100295,0.05777091651618718,83.66760869565216,88.5011631327177,4.833554437065525,12.154448599772694,15.46736187534452,False
prod_variedad,2021_2022,train,CG04-10267,89,8443.58,8418.760263682032,-24.81973631796791,-0.00293948021075988,94.87168539325843,94.59281195148351,-0.2788734417749223,8.405867726963564,10.650290693485871,False
prod_variedad,2024_2025,test,CG98-78,86,7742.68,8316.469174036203,573.7891740362029,0.07410730832685877,90.03116279069768,96.70312993065353,6.671967139955845,13.4596851786728,16.349469762255204,False
prod_variedad,2021_2022,train,CG03-025,85,7595.689999999999,7556.860805215041,-38.82919478495751,-0.005112003621126918,89.36105882352939,88.90424476723578,-0.4568140562936372,7.465912873048325,9.047052195825533,False
prod_variedad,2022_2023,train,CP88-1165,85,8197.650000000001,8167.576168044143,-30.073831955858623,-0.003668591847158468,96.44294117647061,96.08913138875462,-0.3538097877159576,7.165009357219634,8.548187082588107,False
prod_variedad,2025_2026,external,CG10-044124,81,8769.519999999999,9012.955125206658,243.435125206659,0.02775923028930421,108.26567901234566,111.27105092847725,3.005371916131568,13.707983857391051,17.25680868971893,False
prod_variedad,2024_2025,test,CG10-044124,73,7746.31,8175.901823766094,429.5918237660935,0.05545760804384197,106.11383561643837,111.99865512008348,5.884819503645127,14.567320016024555,18.267729737430372,False
prod_variedad,2021_2022,train,CG04-10295,67,7704.43,7586.869438697597,-117.56056130240358,-0.015258826584497955,114.99149253731343,113.23685729399398,-1.7546352433194405,6.729898493836237,9.094775660397449,False
prod_variedad,2022_2023,train,CG04-10267,67,5966.129999999999,5927.541083786597,-38.58891621340263,-0.006467997883620141,89.04671641791043,88.47076244457607,-0.5759539733343998,8.044381469685543,10.993508993288701,False
prod_variedad,2024_2025,test,SP80-1842,65,6101.860000000001,5952.933174225619,-148.92682577438154,-0.024406791662604767,93.87476923076925,91.58358729577876,-2.2911819349904747,10.921487167733495,14.367517030404112,False
prod_variedad,2024_2025,test,CG98-46,64,6450.900000000001,6758.923179182226,308.02317918222525,0.04774886902327198,100.79531250000001,105.60817467472228,4.812862174722291,12.178032644048194,14.527744665361276,False
prod_variedad,2020_2021,train,SP71-6161,62,5440.910000000001,5401.0191089518,-39.8908910482005,-0.007331657948431511,87.75661290322581,87.11321143470646,-0.6434014685193484,8.140322616334034,10.268560898562905,False
prod_variedad,2020_2021,train,CG03-025,59,5688.4400000000005,5727.89126137413,39.4512613741299,0.006935339280036336,96.4142372881356,97.08290273515475,0.6686654470191596,7.524094761502601,9.519070843286801,False
prod_variedad,2025_2026,external,CG98-78,55,5135.539999999999,5278.576164125025,143.0361641250256,0.027852214981292256,93.37345454545452,95.97411207500045,2.6006575295459,14.028289683741809,20.022197191715993,False
prod_variedad,2022_2023,train,CR87-339,50,4418.2,4353.061426853856,-65.13857314614415,-0.014743237776955357,88.36399999999999,87.06122853707711,-1.3027714629228626,7.475435517263032,10.076049854641576,False
prod_variedad,2025_2026,external,CG03-098,50,4387.58,3599.235841020519,-788.3441589794811,-0.1796763042450465,87.7516,71.98471682041037,-15.766883179589627,19.619046921014235,25.210768681025623,False
prod_variedad,2021_2022,train,SP71-6161,48,4508.46,4407.751723391368,-100.70827660863233,-0.02233762229422737,93.92625,91.82816090398683,-2.098089096013173,8.134891872002122,10.070064183658761,False
prod_variedad,2024_2025,test,CG03-098,45,3841.6600000000003,3277.718360782204,-563.9416392177964,-0.14679634304383946,85.37022222222222,72.83818579516009,-12.53203642706212,16.598838069128046,23.229048301574586,False
prod_variedad,2025_2026,external,CG12-116,42,4110.56,4262.611554372653,152.0515543726524,0.036990471948506375,97.8704761904762,101.49075129458697,3.620275104110782,13.39751723678022,17.538207488956402,False
prod_variedad,2024_2025,test,CG12-116,40,3950.4500000000003,3962.2149584434037,11.76495844340343,0.0029781312112299686,98.76125,99.0553739610851,0.29412396108510325,14.096667825945278,17.543261411010988,False
prod_variedad,2025_2026,external,CG98-46,40,4150.21,3981.3572372970766,-168.85276270292343,-0.040685353922554145,103.75525,99.53393093242691,-4.221319067573084,11.917387325685763,14.940552011312919,False
prod_variedad,2020_2021,train,CG03-138,39,3492.0899999999992,3477.935745070247,-14.15425492975237,-0.0040532331439774956,89.54076923076921,89.17783961718581,-0.36292961358340936,7.749318995302665,9.883684583294173,False
prod_variedad,2024_2025,test,CG09-133119,38,3880.95,3798.5809899129254,-82.36901008707446,-0.021223929730368712,102.13026315789473,99.9626576292875,-2.167605528607217,13.156235833264244,16.98672750226933,False
prod_variedad,2020_2021,train,CG00-033,37,3000.92,2939.4170813480027,-61.502918651997334,-0.020494687846392884,81.10594594594595,79.44370490129737,-1.6622410446485865,8.189191240352494,9.892758505091047,False
prod_variedad,2024_2025,test,MEZ.VARCOM,36,3930.25,3573.4250193979797,-356.82498060202033,-0.09078938505235554,109.17361111111111,99.26180609438832,-9.911805016722777,17.141426805583034,21.702009519426042,False
prod_variedad,2024_2025,test,CG04-10267,35,3094.0699999999997,3212.4031562401065,118.33315624010675,0.03824514514542553,88.40199999999999,91.7829473211459,3.380947321145891,8.342357824280885,10.795874750029517,False
prod_variedad,2025_2026,external,MEZ.VARCOM,35,3900.9600000000005,3384.7950907314903,-516.1649092685102,-0.1323174062970423,111.45600000000002,96.70843116375687,-14.747568836243136,15.695710896131487,18.76556022367774,False
prod_variedad,2020_2021,train,SP80-1842,34,3532.3100000000004,3530.5134758167815,-1.796524183218935,-0.0005085975418972102,103.89147058823531,103.83863164167005,-0.052838946565237084,7.226979429777911,8.967221075017852,False
prod_variedad,2022_2023,train,MEX79-431,34,2769.95,2727.908008127788,-42.04199187221184,-0.015177888363404337,81.46911764705882,80.2325884743467,-1.236529172712115,7.388232723834276,8.935943187783154,False
prod_variedad,2022_2023,train,SP71-6161,34,2756.49,2706.4616073590937,-50.02839264090608,-0.018149310405953252,81.07323529411764,79.60181198114981,-1.4714233129678442,6.263817668369744,7.571456570368214,False
prod_variedad,2025_2026,external,CG03-025,34,3056.8399999999997,2751.5529684851863,-305.2870315148134,-0.09987013763062949,89.9070588235294,80.92802848485842,-8.979030338670993,11.780201589918553,14.618899992068725,False
prod_variedad,2020_2021,train,CG04-10295,33,3666.3199999999997,3629.5615062027314,-36.75849379726833,-0.010025991674831529,111.10060606060605,109.98671230917368,-1.1138937514323912,7.55296915743541,10.02518657858644,False
prod_variedad,2022_2023,train,CG04-0587,33,3688.3799999999997,3716.250981968857,27.87098196885745,0.00755642910135546,111.76909090909089,112.61366612026839,0.8445752111774661,7.865597400543557,9.903670755498581,False
prod_variedad,2022_2023,train,SP80-1842,33,2763.2099999999996,2674.37799089484,-88.83200910515961,-0.03214812088301636,83.73363636363635,81.04175729984364,-2.6918790637927206,6.314482752994833,8.59741783445829,False
prod_variedad,2021_2022,train,CGMEX10-26315,32,3483.02,3419.434244494478,-63.585755505521774,-0.018255926037037334,108.844375,106.85732014045244,-1.9870548595475586,9.988476918733703,11.987141578385929,False
prod_variedad,2020_2021,train,CG03-104,27,2156.8100000000004,2252.9504416908594,96.140441690859,0.044575294852517836,79.88185185185186,83.44260895151331,3.5607570996614646,6.167520474253399,7.86955932924239,False
prod_variedad,2024_2025,test,CP88-1165,26,1810.6799999999998,2146.348366028958,335.6683660289582,0.1853824894674698,69.64153846153846,82.551860231883,12.910321770344536,18.12197736574885,23.044291586628056,False
prod_variedad,2021_2022,train,SP80-1842,24,2267.8500000000004,2200.3563696739348,-67.49363032606561,-0.029761064588074874,94.49375000000002,91.68151540308061,-2.812234596919382,7.280414288885614,10.160421125635356,False
prod_variedad,2022_2023,train,CG10-044124,24,2304.0,2465.146000892437,161.14600089243686,0.06994184066512016,96.0,102.71441670385154,6.71441670385155,11.508288212047532,15.062008711212801,False
prod_variedad,2020_2021,train,MEX79-431,23,1919.84,2002.5254430160592,82.68544301605925,0.04306892398119596,83.47130434782608,87.06632360939388,3.595019261567799,8.158436120520822,10.21513463292365,False
prod_variedad,2025_2026,external,CP70-321F,23,2625.980000000001,1973.9957478698377,-651.9842521301632,-0.248282261148281,114.17304347826091,85.82590208129729,-28.347141396963583,28.481043634721253,33.14355103454194,False
prod_variedad,2021_2022,train,CG03-104,22,1863.8100000000002,1859.710414911347,-4.099585088653157,-0.0021995724288705163,84.71863636363638,84.53229158687941,-0.18634477675696234,6.68761052692513,8.252675695786927,False
prod_variedad,2024_2025,test,CP70-321F,22,2427.1899999999996,1886.1118587403348,-541.0781412596648,-0.222923685932978,110.32681818181817,85.73235721546976,-24.594460966348414,26.196738857405798,28.811046778527214,False
prod_variedad,2020_2021,train,CGMEX10-26315,21,2452.33,2353.9311732263295,-98.39882677367041,-0.04012462709899174,116.77761904761904,112.09196062982521,-4.685658417793823,12.144001790909934,13.735820936523364,False
prod_variedad,2021_2022,train,CG03-138,21,1927.3999999999999,1933.3012289967978,5.901228996797954,0.0030617562502842973,91.78095238095237,92.0619632855618,0.28101090460942996,7.682754951823211,9.637210142908911,False
prod_variedad,2021_2022,train,CG00-033,20,1858.24,1803.130695688898,-55.10930431110205,-0.029656720504941263,92.912,90.1565347844449,-2.7554652155550987,4.987240908173743,6.220709895785508,False
prod_variedad,2021_2022,train,CG05-077440,20,1862.9900000000002,1909.1785692778515,46.18856927785123,0.02479270918139723,93.14950000000002,95.45892846389258,2.3094284638925715,7.158000675012181,9.168204803544256,False
prod_variedad,2021_2022,train,MEX79-431,19,1568.2699999999998,1631.5429386505882,63.27293865058846,0.0403456921643521,82.54052631578946,85.87068098160991,3.3301546658204297,6.330830636985257,7.670190663507711,False
prod_variedad,2022_2023,train,CG03-138,19,1668.1599999999999,1647.5897539058212,-20.57024609417863,-0.012331098991810516,87.7978947368421,86.71525020556953,-1.0826445312725668,5.0295307538425025,6.249327498314989,False
prod_variedad,2025_2026,external,CG14-2406,19,2016.72,1931.349882810028,-85.370117189972,-0.042331170013671704,106.14315789473685,101.64999383210674,-4.493164062630091,7.905248075359258,8.825270677027905,False
prod_variedad,2020_2021,train,SP79-2233,18,1487.49,1471.546426014278,-15.943573985721969,-0.01071844112277862,82.63833333333334,81.75257922301545,-0.885754110317871,7.527886645113175,9.37251325997822,False
prod_variedad,2025_2026,external,PR68-3120,18,1894.0700000000002,1521.9931832506754,-372.07681674932473,-0.19644301253349913,105.22611111111112,84.55517684725974,-20.67093426385136,24.61440919525415,29.390317532453764,False
prod_variedad,2020_2021,train,SP79-1287,17,1783.13,1703.633659643345,-79.49634035665508,-0.04458247035081855,104.89,100.21374468490265,-4.676255315097345,8.123184927652831,11.253751774418825,False
prod_variedad,2024_2025,test,PR68-3120,17,1713.46,1441.0345810264384,-272.4254189735616,-0.15899140859638486,100.79176470588236,84.76674006037874,-16.02502464550362,21.69347271792586,24.470581928693772,False
prod_variedad,2020_2021,train,CG09-133119,16,1708.78,1722.3950740102139,13.615074010213903,0.007967716154340467,106.79875,107.64969212563837,0.8509421256383698,6.9263486479107454,8.82012167804166,False
prod_variedad,2025_2026,external,CG06-14866,16,1677.87,1640.0186012993595,-37.8513987006404,-0.022559196302836575,104.866875,102.50116258120997,-2.3657124187900482,19.734602046717608,24.017508410569103,False
prod_variedad,2025_2026,external,CP88-1165,16,1358.87,1307.0643667016952,-51.805633298304656,-0.03812405402893924,84.929375,81.69152291885595,-3.237852081144041,12.177618426744004,14.276381460856827,False
prod_variedad,2020_2021,train,CP72-1312,15,1242.26,1335.0518729406679,92.79187294066787,0.07469601608412721,82.81733333333334,89.00345819604452,6.186124862711202,9.231629398679988,11.5207629756026,False
prod_variedad,2020_2021,train,CG05-077440,14,1474.5500000000002,1375.2173063378216,-99.3326936621786,-0.06736475105095018,105.32500000000002,98.22980759555868,-7.0951924044413195,8.376757739947031,9.94208688754303,False
prod_variedad,2020_2021,train,SP83-2847,13,1032.9599999999998,1084.4674173202736,51.50741732027382,0.04986390307492432,79.45846153846152,83.42057056309797,3.962109024636428,12.323162997577631,14.605861503230194,False
prod_variedad,2022_2023,train,CG05-077440,13,1110.13,1134.7477055129712,24.617705512971042,0.022175515942250944,85.39461538461539,87.28828503945932,1.8936696548439367,6.824011500264094,8.818210093351954,False
prod_variedad,2025_2026,external,CPCL00-6131,13,1416.33,1297.6140584533157,-118.71594154668423,-0.08381940758628585,108.94846153846153,99.81646603487044,-9.131995503591092,15.549878441211156,18.60398377205483,False
prod_variedad,2024_2025,test,CPCL00-6131,12,1315.45,1287.3768394514334,-28.073160548566648,-0.02134110802278053,109.62083333333334,107.28140328761945,-2.339430045713901,10.010578332349755,11.478193187874515,False
prod_variedad,2024_2025,test,SP71-6161,12,882.0300000000001,852.6497030013556,-29.38029699864444,-0.03330986134104785,73.50250000000001,71.05414191677964,-2.448358083220356,8.989284572395126,11.806833829173858,False
prod_variedad,2022_2023,train,CG00-033,11,976.4300000000001,922.2746415120318,-54.155358487968215,-0.055462612258910735,88.76636363636364,83.84314922836653,-4.923214407997107,7.129541944463767,9.149465099900796,False
prod_variedad,2022_2023,train,CG12-116,11,1094.9499999999998,1086.4439208509668,-8.506079149032985,-0.0077684635362646574,99.54090909090907,98.7676291682697,-0.7732799226393752,15.205339653261325,18.442876989712026,False
prod_variedad,2024_2025,test,ECU-01,10,1064.88,928.8556059467959,-136.02439405320422,-0.1277368286128054,106.48800000000001,92.88556059467959,-13.602439405320425,18.609846413259824,23.893208618334988,False
prod_variedad,2024_2025,test,SP83-2847,10,670.62,704.2214102557705,33.601410255770475,0.05010499277649112,67.062,70.42214102557705,3.360141025577037,18.38349889068046,22.74493381532115,False
prod_variedad,2025_2026,external,SP71-6161,10,802.89,844.3346608224477,41.44466082244776,0.051619351122131,80.289,84.43346608224478,4.14446608224477,13.047324661277539,16.497415437966275,False
prod_variedad,2020_2021,train,CG00-082,9,906.68,911.1997029599568,4.519702959956817,0.0049848931926995375,100.74222222222221,101.24441143999519,0.5021892177729828,3.332198528029276,3.9493806902550266,False
prod_variedad,2022_2023,train,CG03-104,9,704.1199999999999,704.6392024352446,0.5192024352446651,0.000737377769761781,78.23555555555555,78.29324471502717,0.057689159471607354,6.460008720330608,7.32437476725868,False
prod_variedad,2024_2025,test,MEX79-431,9,650.4499999999999,687.8945689791237,37.4445689791238,0.057567175000574684,72.27222222222221,76.4327298865693,4.160507664347094,10.42694206105562,14.837770665057512,False
prod_variedad,2020_2021,train,CG03-256,8,760.97,767.324585465579,6.354585465579021,0.008350638613321183,95.12125,95.91557318319738,0.794323183197374,5.269771592901826,6.259859294269047,False
prod_variedad,2021_2022,train,CG04-0587,8,926.1899999999999,917.94847713371,-8.241522866289984,-0.008898306898465741,115.77374999999999,114.74355964171374,-1.0301903582862533,5.735192225035023,7.232099927507599,False
prod_variedad,2021_2022,train,CP72-1312,8,629.43,622.7437826193906,-6.686217380609378,-0.010622654434344372,78.67875,77.84297282742382,-0.8357771725761707,5.523204984391613,7.318897121070846,False
prod_variedad,2021_2022,train,SP83-2847,8,573.79,635.5899804794304,61.799980479430474,0.1077048754412424,71.72375,79.4487475599288,7.724997559928803,9.72046883038507,12.603152395978139,False
prod_variedad,2022_2023,train,SP83-2847,8,618.6,588.7849649160357,-29.81503508396429,-0.0481975995537735,77.325,73.59812061450447,-3.72687938549553,10.446816439239257,16.135127198185906,False
prod_variedad,2024_2025,test,CR87-339,8,775.06,725.9254761880569,-49.13452381194304,-0.06339447760424102,96.8825,90.74068452350711,-6.141815476492884,18.178703105387253,21.865725871708246,False
prod_variedad,2020_2021,train,Q107,7,403.09000000000003,399.2268741165128,-3.863125883487214,-0.009583780008155037,57.58428571428572,57.03241058807326,-0.551875126212454,5.720451227813952,7.527826851252131,False
prod_variedad,2021_2022,train,Q107,7,344.34999999999997,332.8343070613881,-11.515692938611892,-0.03344182645160997,49.192857142857136,47.547758151626866,-1.6450989912302774,2.0977890328992665,2.6331542576959257,False
prod_variedad,2025_2026,external,CG09-06020,7,487.19,524.2135586229217,37.02355862292171,0.07599408572204214,69.59857142857143,74.88765123184596,5.289079803274533,9.69793336792871,11.057437572680351,False
prod_variedad,2020_2021,train,CG04-0587,6,636.21,636.1254381742862,-0.08456182571387671,-0.0001329149584474886,106.03500000000001,106.02090636238103,-0.014093637618981822,6.099709801669744,6.9382630088930295,False
prod_variedad,2020_2021,train,CG04-09615,6,480.55999999999995,509.9446968053448,29.384696805344845,0.06114678043396214,80.09333333333332,84.9907828008908,4.8974494675574745,4.8974494675574745,6.7522801751434445,False
prod_variedad,2020_2021,train,LT-2014,6,466.92,477.1924573997685,10.272457399768484,0.022000465603890355,77.82000000000001,79.53207623329475,1.7120762332947497,2.567105100256098,2.957715743158259,False
prod_variedad,2022_2023,train,CG01-19,6,527.69,518.1290159543914,-9.56098404560862,-0.018118562120958553,87.94833333333334,86.35483599239858,-1.5934973409347453,4.45468667102914,7.0536339274047535,False
prod_variedad,2024_2025,test,CG09-22213,6,711.14,645.1542537672166,-65.98574623278341,-0.09278868609947888,118.52333333333333,107.52570896120277,-10.997624372130574,13.43966567674756,16.50142011409288,False
prod_variedad,2025_2026,external,CG04-10267,6,537.86,525.188040992668,-12.67195900733202,-0.023559957995262747,89.64333333333333,87.53134016544466,-2.1119931678886545,14.846915658973517,19.36708390235326,False
prod_variedad,2025_2026,external,CR87-339,6,731.73,590.1290230606385,-141.60097693936154,-0.19351533617503935,121.955,98.35483717677307,-23.600162823226924,23.600162823226924,28.91191735555899,False
prod_variedad,2020_2021,train,CG98-10,5,355.78,359.67555979155935,3.8955597915593785,0.010949350136487096,71.15599999999999,71.93511195831186,0.7791119583118761,7.904468759069138,8.971275206555719,False
prod_variedad,2020_2021,train,CP88-1508,5,407.45,412.91117042618885,5.461170426188858,0.013403289793076102,81.49,82.58223408523777,1.0922340852377683,6.923436116209999,9.004526795319292,False
prod_variedad,2021_2022,train,CG01-19,5,538.18,515.9713813832371,-22.208618616762806,-0.04126615373436918,107.636,103.19427627664743,-4.441723723352572,7.673080125003002,8.94148941042146,False
prod_variedad,2022_2023,train,CP72-1312,5,349.81,324.7784487779107,-25.03155122208932,-0.0715575633117673,69.962,64.95568975558214,-5.006310244417861,8.255927049002016,9.54429424194645,False
prod_variedad,2025_2026,external,CG03-138,5,441.93000000000006,379.2861594211682,-62.643840578831885,-0.14175059529525463,88.38600000000001,75.85723188423364,-12.528768115766368,17.0859108985461,18.1964080568177,False
prod_variedad,2025_2026,external,CG09-22213,5,607.22,525.4507746316475,-81.76922536835252,-0.1346616141898365,121.444,105.0901549263295,-16.353845073670502,16.353845073670502,20.282500490903544,False
prod_variedad,2025_2026,external,CP08-1842,5,558.4799999999999,507.17656912658424,-51.303430873415664,-0.09186261078895515,111.69599999999998,101.43531382531685,-10.26068617468315,23.84400416767208,32.434293087303246,False
prod_variedad,2025_2026,external,ECU-01,5,542.73,449.529938517218,-93.20006148278202,-0.17172454347978186,108.546,89.9059877034436,-18.6400122965564,18.6400122965564,20.366211174683126,False
prod_variedad,2020_2021,train,CG01-19,4,339.68,325.26545286699695,-14.414547133003055,-0.042435666312420676,84.92,81.31636321674924,-3.6036367832507548,7.039142858887699,8.66418299244456,False
prod_variedad,2020_2021,train,CG09-06020,4,385.90000000000003,382.4841130015041,-3.415886998495921,-0.008851741379880592,96.47500000000001,95.62102825037603,-0.8539717496239702,7.372285508328549,8.631450050306464,False
prod_variedad,2021_2022,train,CG03-256,4,472.62,457.2632853014466,-15.35671469855339,-0.03249273136675001,118.155,114.31582132536165,-3.8391786746383545,6.391110139514765,7.092073124101022,False
prod_variedad,2022_2023,train,Q107,4,139.4,155.23138641974265,15.831386419742643,0.1135680517915541,34.85,38.80784660493566,3.9578466049356624,4.857692797023356,5.804174151901879,False
prod_variedad,2022_2023,train,SP79-2233,4,180.34,201.285553184804,20.945553184803998,0.11614479973829432,45.085,50.321388296201,5.236388296200996,6.8195224400702585,7.384779630223538,False
prod_variedad,2024_2025,test,CG01-19,4,376.44,382.8020170139184,6.362017013918376,0.01690048085729034,94.11,95.7005042534796,1.590504253479608,6.164683722289055,7.8348448777085,False
prod_variedad,2024_2025,test,CG05-077440,4,374.86,398.54107990647094,23.681079906470927,0.06317313105284887,93.715,99.63526997661774,5.920269976617739,10.548358551160312,16.803067147483677,False
prod_variedad,2024_2025,test,PR80-2000,4,385.11,327.6728209742645,-57.43717902573553,-0.14914486517030337,96.2775,81.91820524356612,-14.35929475643388,14.35929475643388,21.009820701338036,False
prod_variedad,2025_2026,external,MEX79-431,4,217.76,360.66063308661813,142.90063308661814,0.6562299462096719,54.44,90.16515827165453,35.72515827165452,35.72515827165452,38.47041070923031,False
prod_variedad,2025_2026,external,PR80-2000,4,343.46,297.7910279395551,-45.6689720604449,-0.1329673675550134,85.865,74.44775698488877,-11.417243015111241,13.514276801103064,17.970768343366732,False
prod_variedad,2025_2026,external,SP83-2847,4,277.5,266.81339326716034,-10.686606732839664,-0.03851029453275555,69.375,66.70334831679008,-2.6716516832099177,9.252200181200932,10.331661735083202,False
prod_variedad,2020_2021,train,CG01-53,3,256.82,244.01291813832285,-12.807081861677148,-0.049867930307908835,85.60666666666667,81.33763937944094,-4.269027287225716,4.269027287225716,4.867073224848157,False
prod_variedad,2020_2021,train,CG03-240,3,224.65,203.47046054144556,-21.179539458554444,-0.09427794105744244,74.88333333333334,67.82348684714852,-7.059846486184803,7.059846486184803,7.220035163308568,False
prod_variedad,2020_2021,train,CG09-19749,3,263.97,274.2788786432611,10.308878643261096,0.03905322060560327,87.99000000000001,91.42629288108704,3.4362928810870463,7.39018183184984,8.248857275169481,False
prod_variedad,2020_2021,train,MEX69-290,3,273.54,278.8383735899321,5.298373589932055,0.019369648277882776,91.18,92.94612452997735,1.7661245299773611,3.028321353413522,3.2462230249498645,False
prod_variedad,2020_2021,train,NA56-42,3,223.29,232.99282952597923,9.70282952597924,0.043453936701057995,74.42999999999999,77.66427650865974,3.2342765086597516,6.230732382471923,6.35573148177854,False
prod_variedad,2020_2021,train,PR86-2055,3,204.48000000000002,222.89104192617472,18.411041926174704,0.09003835057792793,68.16000000000001,74.29701397539158,6.13701397539158,6.13701397539158,6.974162544430093,False
prod_variedad,2020_2021,train,PR87-2015,3,223.11,210.72726297674404,-12.38273702325597,-0.055500591740647975,74.37,70.24242099224801,-4.127579007751983,8.468246944460056,8.604119835051394,False
prod_variedad,2021_2022,train,CG10-044124,3,338.56,331.80230940431875,-6.757690595681254,-0.019960097458888392,112.85333333333334,110.60076980143958,-2.2525635318937662,8.821322506698166,8.96753469437475,False
prod_variedad,2021_2022,train,CG98-10,3,178.76999999999998,167.72620402022966,-11.043795979770323,-0.06177656194982561,59.589999999999996,55.90873467340989,-3.681265326590118,5.642992348456428,6.536730133527513,False
prod_variedad,2021_2022,train,CP88-1508,3,289.03999999999996,264.95969538994916,-24.080304610050803,-0.0833113223431041,96.34666666666665,88.31989846331639,-8.026768203350263,11.626179034954385,12.648599060892673,False
prod_variedad,2021_2022,train,MEX69-290,3,268.46,277.21609071810656,8.756090718106577,0.032615997608979284,89.48666666666666,92.40536357270219,2.9186969060355303,2.9186969060355303,3.534141163393165,False
prod_variedad,2021_2022,train,SP79-2233,3,159.67000000000002,170.4806908734206,10.810690873420583,0.06770646253786299,53.223333333333336,56.826896957806866,3.6035636244735336,6.864697716085645,9.305868786584774,False
prod_variedad,2022_2023,train,CP88-1508,3,240.08,227.177530737,-12.902469263,-0.053742374471009664,80.02666666666667,75.725843579,-4.300823087666667,12.31444530697047,12.322641774513391,False
prod_variedad,2024_2025,test,CG03-138,3,181.68,222.1135245384591,40.433524538459096,0.2225535256410122,60.56,74.0378415128197,13.4778415128197,13.4778415128197,14.871252777535327,False
prod_variedad,2024_2025,test,SP79-2233,3,228.36999999999998,237.34809141598092,8.978091415980941,0.03931379522696038,76.12333333333332,79.11603047199364,2.9926971386603136,6.229950647906539,6.622057176920924,False
prod_variedad,2025_2026,external,B71-401,3,252.86,245.20525729833884,-7.654742701661178,-0.03027265167152249,84.28666666666668,81.73508576611295,-2.5515809005537164,5.503266326826946,5.58294675227955,False
prod_variedad,2025_2026,external,CG01-19,3,266.0,267.1751644701276,1.1751644701275836,0.004417911541833021,88.66666666666667,89.0583881567092,0.39172149004251827,5.898576852301299,6.16228132216629,False
prod_variedad,2020_2021,train,CG01-52,2,99.27000000000001,108.12720251225323,8.857202512253224,0.08922335561854763,49.635000000000005,54.06360125612662,4.4286012561266155,4.4286012561266155,4.493329368358814,False
prod_variedad,2020_2021,train,CG04-09311,2,185.75,169.44554471056398,-16.30445528943602,-0.08777634072374708,92.875,84.72277235528199,-8.15222764471801,8.15222764471801,8.80964215629253,False
prod_variedad,2020_2021,train,CG06-05360,2,217.86,218.32515871880952,0.465158718809505,0.002135126773200702,108.93,109.16257935940476,0.2325793594047738,2.5741666897580373,2.5846522599918518,False
prod_variedad,2020_2021,train,CG09-05327,2,162.86,165.44504768144714,2.585047681447122,0.01587282132780991,81.43,82.72252384072357,1.2925238407235748,5.533890193539847,5.682830153453058,False
prod_variedad,2020_2021,train,CP00-1101,2,212.82999999999998,232.69434769626633,19.86434769626635,0.09333434053595054,106.41499999999999,116.34717384813317,9.932173848133147,9.932173848133147,10.388878608823887,False
prod_variedad,2020_2021,train,CP57-603,2,222.51,200.99312464361606,-21.516875356383935,-0.09670071168209939,111.255,100.49656232180803,-10.758437678191974,10.758437678191974,13.054927793307819,False
prod_variedad,2020_2021,train,MEX68-P23,2,219.87,196.96622534867936,-22.903774651320646,-0.10416962137317799,109.935,98.48311267433968,-11.451887325660321,11.451887325660321,13.820001388589384,False
prod_variedad,2020_2021,train,,2,231.43,248.9758853804336,17.54588538043359,0.07581508611862589,115.715,124.4879426902168,8.772942690216794,8.772942690216794,10.128888184016436,False
prod_variedad,2021_2022,train,CG01-52,2,95.81,104.27603244100173,8.46603244100173,0.08836272248201367,47.905,52.138016220500866,4.233016220500865,4.233016220500865,4.4986130855255695,False
prod_variedad,2021_2022,train,CG04-09311,2,185.18,177.21415846762307,-7.965841532376942,-0.043016748743800313,92.59,88.60707923381153,-3.982920766188478,8.57760169629784,9.457214636988367,False
prod_variedad,2021_2022,train,CP00-1101,2,223.41,233.45807422323753,10.048074223237535,0.04497593761800069,111.705,116.72903711161877,5.02403711161876,6.9907736573982575,8.608824845929668,False
prod_variedad,2021_2022,train,CP57-603,2,197.64,197.3460845348081,-0.2939154651918727,-0.0014871254057471804,98.82,98.67304226740406,-0.14695773259593636,0.5029008801336943,0.523933078177913,False
prod_variedad,2021_2022,train,MEX68-P23,2,144.42,135.26983311873605,-9.150166881263942,-0.06335803130635606,72.21,67.63491655936802,-4.575083440631971,4.575083440631971,5.67169713244721,False
prod_variedad,2021_2022,train,SP79-1287,2,212.05,205.38525011060943,-6.664749889390578,-0.03143008672195509,106.025,102.69262505530472,-3.3323749446952755,15.207804867303196,15.568623948634754,False
prod_variedad,2022_2023,train,CG01-52,2,97.03999999999999,96.10389896182785,-0.93610103817214,-0.009646548208698888,48.519999999999996,48.051949480913926,-0.4680505190860742,4.168483250453722,4.194678044585779,False
prod_variedad,2022_2023,train,CG98-10,2,74.46,78.45192716312593,3.9919271631259363,0.053611699746520775,37.23,39.225963581562965,1.9959635815629717,1.9959635815629717,1.996188684873665,False
prod_variedad,2022_2023,train,CPCL00-6131,2,228.26,206.50274583787,-21.757254162129982,-0.09531785754021722,114.13,103.251372918935,-10.878627081065012,10.878627081065012,11.101368496902158,False
prod_variedad,2024_2025,test,CG05-07373,2,214.23,196.28168957653156,-17.948310423468428,-0.083780564923066,107.115,98.14084478826578,-8.974155211734207,10.87401373251705,14.098923236164726,False
prod_variedad,2024_2025,test,CG14-2406,2,215.41,205.8390739691019,-9.570926030898107,-0.04443120575134909,107.705,102.91953698455094,-4.785463015449046,10.31209310494777,11.368373695359509,False
prod_variedad,2025_2026,external,CG00-082,2,194.86,158.4130803110338,-36.446919688966204,-0.18704156670925898,97.43,79.2065401555169,-18.223459844483095,18.223459844483095,18.228762259505253,False
prod_variedad,2025_2026,external,CG05-07373,2,145.79000000000002,129.17297954420627,-16.61702045579375,-0.11397915121608991,72.89500000000001,64.58648977210314,-8.308510227896875,8.308510227896875,9.021924327796256,False
prod_variedad,2025_2026,external,CG06-00894,2,148.51,136.93071975824674,-11.579280241753253,-0.07796970063802608,74.255,68.46535987912337,-5.789640120876626,6.592996381596279,8.774254043336445,False
prod_variedad,2025_2026,external,CG09-05327,2,163.32,136.0708768909749,-27.249123109025106,-0.16684498597247802,81.66,68.03543844548744,-13.62456155451256,21.57231202642081,25.514570811949035,False
prod_variedad,2020_2021,train,B41227,1,75.99,69.24969315006567,-6.740306849934328,-0.08869991906743424,75.99,69.24969315006567,-6.740306849934328,6.740306849934328,6.740306849934328,False
prod_variedad,2020_2021,train,CG09-133138,1,71.78,84.51931950191208,12.739319501912078,0.17747728478562383,71.78,84.51931950191208,12.739319501912078,12.739319501912078,12.739319501912078,False
prod_variedad,2020_2021,train,CG96-135,1,83.31,84.64706580658022,1.3370658065802132,0.016049283478336493,83.31,84.64706580658022,1.3370658065802132,1.3370658065802132,1.3370658065802132,False
prod_variedad,2020_2021,train,RB732577,1,38.43,47.41415408601933,8.98415408601933,0.23377970559509056,38.43,47.41415408601933,8.98415408601933,8.98415408601933,8.98415408601933,False
prod_variedad,2020_2021,train,SP81-3250,1,92.24,85.2418229470433,-6.998177052956692,-0.07586922216995547,92.24,85.2418229470433,-6.998177052956692,6.998177052956692,6.998177052956692,False
prod_variedad,2021_2022,train,CG01-53,1,111.08,115.70096565725832,4.620965657258324,0.04160033901024779,111.08,115.70096565725832,4.62096565725831,4.62096565725831,4.62096565725831,False
prod_variedad,2021_2022,train,CG04-09615,1,102.95,107.80223427176637,4.852234271766363,0.04713195018714292,102.95,107.80223427176637,4.852234271766363,4.852234271766363,4.852234271766363,False
prod_variedad,2021_2022,train,CG10-06536,1,89.04,92.14246257368328,3.102462573683269,0.03484347005484354,89.04,92.14246257368328,3.102462573683283,3.102462573683283,3.102462573683283,False
prod_variedad,2021_2022,train,CG96-135,1,77.85,78.36541691247947,0.5154169124794805,0.006620641136537965,77.85,78.36541691247947,0.5154169124794805,0.5154169124794805,0.5154169124794805,False
prod_variedad,2021_2022,train,CPCL00-6131,1,134.81,135.06626791749142,0.25626791749141375,0.0019009562902708534,134.81,135.06626791749142,0.2562679174914137,0.2562679174914137,0.2562679174914137,False
prod_variedad,2021_2022,train,ECU-01,1,96.81,98.58980552716928,1.7798055271692732,0.01838452150779127,96.81,98.58980552716928,1.7798055271692874,1.7798055271692874,1.7798055271692874,False
prod_variedad,2021_2022,train,MEZ.VARCOM,1,77.25,72.49508127117599,-4.754918728824009,-0.06155234600419429,77.25,72.49508127117599,-4.754918728824009,4.754918728824009,4.754918728824009,False
prod_variedad,2021_2022,train,NA56-42,1,70.85,79.15813411410677,8.308134114106778,0.11726371367828904,70.85,79.15813411410677,8.308134114106778,8.308134114106778,8.308134114106778,False
prod_variedad,2021_2022,train,PR87-2015,1,52.55,64.13054518661876,11.580545186618764,0.2203719350450764,52.55,64.13054518661876,11.580545186618764,11.580545186618764,11.580545186618764,False
prod_variedad,2021_2022,train,RB732577,1,40.27,44.29400582243731,4.02400582243731,0.09992564744070796,40.27,44.29400582243731,4.02400582243731,4.02400582243731,4.02400582243731,False
prod_variedad,2021_2022,train,SP81-3250,1,78.19,75.7661678591356,-2.4238321408643912,-0.030999260018728627,78.19,75.7661678591356,-2.4238321408643912,2.4238321408643912,2.4238321408643912,False
prod_variedad,2022_2023,train,CG03-256,1,115.35,122.34201339351992,6.992013393519926,0.06061563410073625,115.35,122.34201339351992,6.99201339351994,6.99201339351994,6.99201339351994,False
prod_variedad,2022_2023,train,CG04-09311,1,90.44,87.90860965722692,-2.5313903427730793,-0.027989720729467926,90.44,87.90860965722692,-2.5313903427730797,2.5313903427730797,2.5313903427730797,False
prod_variedad,2022_2023,train,CG09-133119,1,135.16,125.02179371888565,-10.13820628111435,-0.07500892483807599,135.16,125.02179371888565,-10.138206281114364,10.138206281114364,10.138206281114364,False
prod_variedad,2022_2023,train,CG13-762,1,101.87,118.00239669489513,16.13239669489512,0.15836258657990696,101.87,118.00239669489513,16.132396694895107,16.132396694895107,16.132396694895107,False
prod_variedad,2022_2023,train,CG96-135,1,89.27,76.53711083259883,-12.732889167401169,-0.142633462164234,89.27,76.53711083259883,-12.732889167401169,12.732889167401169,12.732889167401169,False
prod_variedad,2022_2023,train,CP00-1101,1,108.96,114.7884995492428,5.828499549242807,0.05349210305839581,108.96,114.7884995492428,5.828499549242807,5.828499549242807,5.828499549242807,False
prod_variedad,2022_2023,train,CP57-603,1,100.23,109.46656724829543,9.23656724829543,0.09215371892941664,100.23,109.46656724829543,9.236567248295444,9.236567248295444,9.236567248295444,False
prod_variedad,2022_2023,train,ECU-01,1,84.78,75.60080454454007,-9.179195455459933,-0.10827076498537312,84.78,75.60080454454007,-9.179195455459933,9.179195455459933,9.179195455459933,False
prod_variedad,2022_2023,train,MEX68-P23,1,66.26,68.46521587136064,2.205215871360636,0.03328125371808988,66.26,68.46521587136064,2.205215871360636,2.205215871360636,2.205215871360636,False
prod_variedad,2022_2023,train,MEX69-290,1,85.8,85.66061189913916,-0.13938810086084175,-0.0016245699401030507,85.8,85.66061189913916,-0.1393881008608417,0.1393881008608417,0.1393881008608417,False
prod_variedad,2022_2023,train,SP79-1287,1,125.22,102.70707664435166,-22.51292335564834,-0.17978696179243203,125.22,102.70707664435166,-22.51292335564834,22.51292335564834,22.51292335564834,False
prod_variedad,2024_2025,test,BT65152,1,128.75,103.3440237712156,-25.405976228784397,-0.197327970709005,128.75,103.3440237712156,-25.40597622878441,25.40597622878441,25.40597622878441,False
prod_variedad,2024_2025,test,CG01-52,1,46.12,71.58282722347,25.462827223470008,0.5520994627812231,46.12,71.58282722347,25.462827223470008,25.462827223470008,25.462827223470008,False
prod_variedad,2024_2025,test,CG03-104,1,136.14,108.93318681516358,-27.206813184836406,-0.19984437479680042,136.14,108.93318681516358,-27.20681318483641,27.20681318483641,27.20681318483641,False
prod_variedad,2024_2025,test,CG03-256,1,107.02,115.72374442185634,8.703744421856342,0.08132820427823156,107.02,115.72374442185634,8.703744421856342,8.703744421856342,8.703744421856342,False
prod_variedad,2024_2025,test,CG06-14866,1,115.4,105.77763726435748,-9.622362735642525,-0.08338269268321079,115.4,105.77763726435748,-9.622362735642524,9.622362735642524,9.622362735642524,False
prod_variedad,2024_2025,test,CG09-1164,1,129.09,123.9039112628879,-5.186088737112101,-0.04017420975375398,129.09,123.9039112628879,-5.186088737112101,5.186088737112101,5.186088737112101,False
prod_variedad,2024_2025,test,CG10-0974,1,128.99,99.33603468597836,-29.653965314021647,-0.2298935213118974,128.99,99.33603468597836,-29.65396531402166,29.65396531402166,29.65396531402166,False
prod_variedad,2024_2025,test,CP00-1101,1,112.19,113.59194570207428,1.4019457020742863,0.012496173474233766,112.19,113.59194570207428,1.401945702074272,1.401945702074272,1.401945702074272,False
prod_variedad,2024_2025,test,CP07-2262,1,111.28,111.01539021302418,-0.26460978697582505,-0.002377873714736027,111.28,111.01539021302418,-0.264609786975825,0.264609786975825,0.264609786975825,False
prod_variedad,2024_2025,test,CP72-1210,1,80.26,92.91750316435936,12.657503164359355,0.15770624426064483,80.26,92.91750316435936,12.65750316435934,12.65750316435934,12.65750316435934,False
prod_variedad,2024_2025,test,CP72-1312,1,52.14,77.35553799450742,25.215537994507415,0.4836121594650444,52.14,77.35553799450742,25.21553799450741,25.21553799450741,25.21553799450741,False
prod_variedad,2024_2025,test,SP79-1287,1,121.65,102.48061768144538,-19.169382318554625,-0.15757815305018186,121.65,102.48061768144538,-19.169382318554625,19.169382318554625,19.169382318554625,False
prod_variedad,2025_2026,external,CG00-033,1,96.46,77.51852811253168,-18.94147188746831,-0.1963660780372,96.46,77.51852811253168,-18.94147188746831,18.94147188746831,18.94147188746831,False
prod_variedad,2025_2026,external,CG03-104,1,111.04,82.27090557119907,-28.76909442880094,-0.2590876659654263,111.04,82.27090557119907,-28.76909442880094,28.76909442880094,28.76909442880094,False
prod_variedad,2025_2026,external,CG03-256,1,114.7,112.0118112078475,-2.688188792152502,-0.023436693915889293,114.7,112.0118112078475,-2.688188792152502,2.688188792152502,2.688188792152502,False
prod_variedad,2025_2026,external,CG06-05360,1,52.0,71.78160944636122,19.781609446361216,0.38041556627617723,52.0,71.78160944636122,19.781609446361216,19.781609446361216,19.781609446361216,False
prod_variedad,2025_2026,external,CG06-08105,1,47.82,68.67580999091169,20.855809990911688,0.436131534732574,47.82,68.67580999091169,20.855809990911688,20.855809990911688,20.855809990911688,False
prod_variedad,2025_2026,external,CG09-1164,1,135.66,115.44313262264004,-20.21686737735996,-0.1490260016022406,135.66,115.44313262264004,-20.216867377359947,20.216867377359947,20.216867377359947,False
prod_variedad,2025_2026,external,CG09-133138,1,67.25,74.99723870103684,7.747238701036835,0.11520057548010164,67.25,74.99723870103684,7.747238701036835,7.747238701036835,7.747238701036835,False
prod_variedad,2025_2026,external,CG13-103,1,120.57,111.20771403800384,-9.36228596199615,-0.07765021118019533,120.57,111.20771403800384,-9.36228596199615,9.36228596199615,9.36228596199615,False
prod_variedad,2025_2026,external,CG14-1923,1,76.68,104.66255569078598,27.982555690785972,0.3649263913769688,76.68,104.66255569078598,27.98255569078597,27.98255569078597,27.98255569078597,False
prod_variedad,2025_2026,external,CG14-8113,1,103.37,104.00125766291195,0.6312576629119491,0.006106778203656274,103.37,104.00125766291195,0.6312576629119633,0.6312576629119633,0.6312576629119633,False
prod_variedad,2025_2026,external,CP07-2262,1,123.07,101.46289652126993,-21.607103478730068,-0.1755675914417004,123.07,101.46289652126993,-21.60710347873008,21.60710347873008,21.60710347873008,False
prod_variedad,2025_2026,external,CP72-1210,1,99.49,99.58092965819272,0.09092965819272081,0.0009139577665365445,99.49,99.58092965819272,0.0909296581927208,0.0909296581927208,0.0909296581927208,False
prod_variedad,2025_2026,external,SP79-1287,1,102.79,93.42903537393252,-9.360964626067485,-0.09106882601486024,102.79,93.42903537393252,-9.360964626067483,9.360964626067483,9.360964626067483,False
